#SampleID	Well_ID	Sequencing_PlateNumber	Sample_Name	PalmID	ESPECIE	ESTADIO	SEXO	PROCEDENCIA	HABITAT	Region	DATE	Type of Molecular Analysis	Notes	sex	Dissections	Date of dissections	Date of Gut DNA extractions	Gut DNA 260_280 score	NUMBER	Gut DNA Concentration ng/µL	Date of Salivary DNA extractions	TypeBM	HumanBM	NumberBM	1stBM	2ndBM	3rdBM	4thBM	5thBM	16S Sequencing	SingleInf_Tcruzi	PCR_RESULTS_121_122	PCR_RESULTS_duplex_Trangeli	Coinfection	PCR_RESULTS_duplex_Tcruzi	SingleInf_Trangeli	Infection	PCR_To_Redo	Duplex PCR date	121_122 PCR date
A1.P1	A1	Plate-1	1	CC2	R. pallescens	Adult		Cerro Cama	Pasture	Canal	9/2/2017		Not sterile bewteen guts and salivary		Guts and salivary glands		3/7/2018	1.564	1	136.144		Mammal	Yes	Two	Human	Philander				Yes	Single	Positive	Negative	No	Positive	Negative	Tcruzi			
A2.P1	A2	Plate-1	2	CC2	R. pallescens	Adult		Cerro Cama	Pasture	Canal	9/2/2017		Kaylee; eggs (not collected); autoclaved before guts, bead sterilizer before salivary glands		Guts and salivary glands	1/20/2018	3/7/2018	2.074	2	199.811	6/12/2018	Bird	No	One	Piranga					Yes	Single	Positive	Negative	No	Positive	Negative	Tcruzi			
A3.P1	A3	Plate-1	3	CC2	R. pallescens	N3		Cerro Cama	Pasture	Canal	9/2/2017		Kaylee;		Guts and salivary glands	11/1/2017	3/7/2018	1.851	3	29.876		Mammal_Bird	Yes	Three	Human	Piranga	Other			Yes	Negative	Negative	Negative	No	Negative	Negative	Negative			
A4.P1	A4	Plate-1	4	CC3	R. pallescens	N5		Cerro Cama	Pasture	Canal	9/2/2017		Kaylee		Guts and salivary glands	11/1/2017	3/7/2018	1.935	4	19.277		Mammal_Bird	Yes	Three	Heteromys	Piranga	Human			Yes	Negative	Negative	Negative	No	Negative	Negative	Negative			
A5.P1	A5	Plate-1	5	CC3	R. pallescens	N4		Cerro Cama	Pasture	Canal	9/2/2017		Kaylee; bead sterilizer before guts and salivary glands; engorged		Guts and salivary glands	1/20/2018	3/22/2018	2.165	5	161.814	6/12/2018	Mammal	No	One	Mus					Yes	Negative	Negative	Negative	No	Negative	Negative	Negative			
A6.P1	A6	Plate-1	6	CC3	R. pallescens	N5		Cerro Cama	Pasture	Canal	9/2/2017		Kaylee; bead sterilizer before guts and salivary glands		Guts and salivary glands	1/20/2018	3/22/2018	1.435	6	192.629		Mammal	Yes	Three	Human	Other	Potos			Yes	Negative	Negative	Negative	No	Negative	Negative	Negative			
A7.P1	A7	Plate-1	7	CC3	R. pallescens	N4		Cerro Cama	Pasture	Canal	9/2/2017		Kaylee; bead sterilizer before guts and salivary glands		Guts and salivary glands	1/20/2018	3/22/2018	1.658	7	12.771	6/12/2018	Mammal	Yes	Two	Human	Mus				Yes	Negative	Negative	Negative	No	Negative	Negative	Negative			
A8.P1	A8	Plate-1	8	CC3	R. pallescens	N3		Cerro Cama	Pasture	Canal	9/2/2017		Kaylee; bead sterilizer before guts; could not dissect salivary glands		Guts only	1/20/2018	3/22/2018	6.664	8	14.668		Other	No	Three	Other	Piranga	Thraupis			Yes	Negative	Negative	Negative	No	Negative	Negative	Negative			
A9.P1	A9	Plate-1	9	CC3	R. pallescens	N3		Cerro Cama	Pasture	Canal	9/2/2017		Kaylee; bead sterilizer before guts; some blood		Guts only	2/20/2018	3/26/2018	1.79	9	50.297		Bird	No	One	Thraupis					Yes	Negative	Negative	Negative	No	Negative	Negative	Negative			
A10.P1	A10	Plate-1	10	CC3	R. pallescens	N3		Cerro Cama	Pasture	Canal	9/2/2017		Kaylee		Guts		3/26/2018	1.67	10	32.206		Mammal	No	Three	Heteromys	Other	Mus			Yes	Negative	Negative	Negative	No	Negative	Negative	Negative			
A11.P1	A11	Plate-1	11	CC3	R. pallescens	N2		Cerro Cama	Pasture	Canal	9/2/2017		Kaylee; little salivary tissue; bead sterilizer before guts and salivary glands		Guts and salivary glands	2/2/2018	3/26/2018	1.756	11	11.733	6/12/2018	Mammal	Yes	Three	Human	Mus				Yes	Single	Positive	Positive	yes	Positive	Single	Coinfection			
A12.P1	A12	Plate-1	12	CC3	R. pallescens	N2		Cerro Cama	Pasture	Canal	9/2/2017		Kaylee; little salivary tissuel autoclaved tools before guts and bead sterilizer before salivary glands		Guts and salivary glands	2/21/2018	3/26/2018	1.491	12	44.517	6/12/2018	Mammal	No	Two	Mus	Bos				Yes	Negative	Negative	Negative	No	Negative	Negative	Negative			
B1.P1	B1	Plate-1	13	CC3	R. pallescens	N1		Cerro Cama	Pasture	Canal	9/2/2017		Kaylee; exoskelteton with salivary tissue; bead sterilizer before guts and salivary glands		Guts and salivary glands	2/21/2018	3/28/2018	1.519	13	5.781	6/12/2018	Mammal	Yes	One	Human					Yes	Negative	Negative	Negative	No	Negative	Negative	Negative			
B2.P1	B2	Plate-1	14	CC3	R. pallescens	N1		Cerro Cama	Pasture	Canal	9/2/2017		Kaylee; exoskeleton with guts and some exoskeleton with salivary glands; bead sterilizer before guts and salivary glands		Guts and salivary glands	2/21/2018	3/28/2018	1.377	14	3.537	6/12/2018	Mammal_Bird	Yes	Four	Human	Piranga	Metachirus			Yes	Negative	Negative	Negative	No	Negative	Negative	Negative			
B3.P1	B3	Plate-1	15	CC3	R. pallescens	N1		Cerro Cama	Pasture	Canal	9/2/2017		Kaylee; exoskeleton with salivary glands; bead steriilzer before guts and salivary glands		Guts and salivary glands	2/21/2018	3/28/2018	1.442	15	5.442	6/12/2018	Mammal	Yes	Two	Canis	Human				Yes	Negative	Negative	Positive	No	Positive	Single	Trangeli			
B4.P1	B4	Plate-1	18	CA1P17	R. pallescens	Adult	Male	Capira	Pasture	Canal	4/23/2017	CV-SIA	Photo taken of Adult; Nina; bead sterilizer before guts and salivary glands	Male	Guts and salivary glands	2/23/2018	3/29/2018	2.037	18	92.459	6/12/2018	Mammal	Yes	One	Human					Yes	Negative	Negative	Negative	No	Positive	Negative	Negative			
B5.P1	B5	Plate-1	19	CA1P17	R. pallescens	N4		Capira	Pasture	Canal	4/23/2017	CV-SIA	Nina; bead sterilizer before guts and salivary glands		Guts and salivary glands	2/23/2018	3/29/2018	1.828	19	25.35	6/12/2018	Mammal	Yes	Three	Mus	Human	Metachirus			Yes	Single	Positive	Negative	No	Positive	Negative	Tcruzi			
B6.P1	B6	Plate-1	20	CA1P17	R. pallescens	N3		Capira	Pasture	Canal	4/23/2017	CV-SIA	Kaylee; dark guts; flamed tools before guts; salivary not for microbiome		Guts and salivary glands	3/22/2018	5/1/2018		20			Mammal	No	One	Metachirus					Yes	Negative	Negative	Negative	No	Positive	Negative	Negative			
B7.P1	B7	Plate-1	21	CA1P17	R. pallescens	N3		Capira	Pasture	Canal	4/24/2017	CV-SIA	Kaylee; salivary glands with some exoskeleton; tools flamed before guts; salivary not for microbiome		Guts and salivary glands	3/22/2018	5/1/2018		21			Mammal	Yes	Three	Metachirus	Human	Mus			Yes	Single	Positive	Negative	No	Negative	Negative	Tcruzi			
B8.P1	B8	Plate-1	22	CA1P17	R. pallescens	N2		Capira	Pasture	Canal	4/24/2017	CV-SIA	Kaylee; tools flamed before guts; salivary not for microbiome		Guts and salivary glands	3/22/2018	5/1/2018		22			Other	Yes	Three	Other	Human	Metachirus			Yes	Negative	Negative	Negative	No	Negative	Negative	Negative			
B9.P1	B9	Plate-1	23	CA1P17	R. pallescens	N2		Capira	Pasture	Canal	4/24/2017	CV-SIA	Kaylee; salivary glands with some exoskeleton; tools flamed before guts; salivary not for microbiome		Guts and salivary glands	3/22/2018	5/1/2018		23			Mammal	Yes	One	Human					Yes	Negative	Negative	Negative	No	Negative	Negative	Negative			
B10.P1	B10	Plate-1	24	CA1P17	R. pallescens	Adult	Female	Capira	Pasture	Canal	4/25/2017	CV-SIA	Photo taken of Adult; Kaylee; autoclaved before guts, bead sterilizer before salivary glands	Female	Guts and salivary glands	3/1/2018	3/29/2018	2.042	24	579.758	6/12/2018	Mammal	No	Two	Mus	Other				Yes	Negative	Negative	Negative	No	Negative	Negative	Negative			
B11.P1	B11	Plate-1	25	CA1P17	R. pallescens	N3		Capira	Pasture	Canal	4/25/2017	CV-SIA	Kaylee; tools flamed before guts; salivary not for microbiome		Guts and salivary glands	3/22/2018	5/1/2018		25			Mammal	Yes	Two	Human	Mus				Yes	Single	Positive	Negative	No	Positive	Negative	Tcruzi			
B12.P1	B12	Plate-1	26	CA1P17	R. pallescens	N2		Capira	Pasture	Canal	4/25/2017	CV-SIA	Kaylee; engorged, guts with exoskeleton, salivary tissue with exoskeleton (no head or legs), tools flamed before guts, salivaray glands not for microbiome		Guts and salivary glands	5/6/2018	5/14/2018		26			Bird_Mammal	Yes	Four	Piranga	Metachirus	Human	Mus		Yes	Negative	Negative	Negative	No	Negative	Negative	Negative			
C1.P1	C1	Plate-1	27	CA1P17	R. pallescens	N1		Capira	Pasture	Canal	4/25/2017	CV-SIA	Kaylee; guts with exoskeleton, salivary tissue with exoskeleoton, no head or legs; tools flamed before gust, salivary tissue not for microbiome		Guts and salivary glands	5/7/2018	5/14/2018		27			Mammal	Yes	Two	Human	Mus				Yes	Negative	Negative	Negative	No	Negative	Negative	Negative			
C2.P1	C2	Plate-1	28	CA1P17	R. pallescens	N1		Capira	Pasture	Canal	4/25/2017	CV-SIA	Kaylee; guts with exoskeleton, salivary tissue with exoskeleton (no head or legs); tools flamed before guts, salivary glands not for microbiome		Guts and salivary glands	5/6/2018	5/14/2018		28			Mammal	Yes	Two	Human	Mus				Yes	Negative	Negative	Negative	No	Negative	Negative	Negative			
C3.P1	C3	Plate-1	29	CA1P17	R. pallescens	N1		Capira	Pasture	Canal	4/25/2017	CV-SIA	Kaylee; guts with exoskeleton, salivary tissue with exoskeleton (no head or legs); tools flamed before guts, salivary glands not for microbiome		Guts and salivary glands	5/2/2018	5/14/2018		29			Mammal	Yes	Two	Human	Bos				Yes	Negative	Negative	Negative	No	Negative	Negative	Negative			
C4.P1	C4	Plate-1	30	CA1P17	R. pallescens	N5		Capira	Pasture	Canal	4/26/2017	CV-SIA	Nina; salivary not for microbiome		Guts and salivary glands	3/8/2018	4/2/2018	1.953	30	59.282		Mammal	Yes	Two	Human	Mus				Yes	Negative	Negative	Negative	No	Negative	Negative	Negative			
C5.P1	C5	Plate-1	31	CA1P17	R. pallescens	N2		Capira	Pasture	Canal	4/26/2017	CV-SIA	Kaylee; engorged, guts, salivary tissue with exoskeleton (no head or legs), tools flamed before guts, salivaray glands not for microbiome		Guts and salivary glands	5/5/2018			31			Mammal	No	One	Mus					Yes	Single	Positive	Negative	No	Positive	Negative	Tcruzi			
C6.P1	C6	Plate-1	32	CA1P17	R. pallescens	N2		Capira	Pasture	Canal	4/26/2017	CV-SIA	Kaylee; engorged, guts, salivary tissue with exoskeleton (no head or legs), tools flamed before guts, salivaray glands not for microbiome		Guts and salivary glands	5/5/2018	5/14/2018		32			Mammal	Yes	Four	Mus	Human	Metachirus	Philander		Yes	Negative	Negative	Negative	No	Negative	Negative	Negative			
C7.P1	C7	Plate-1	33	CA1P17	R. pallescens	N1		Capira	Pasture	Canal	4/26/2017	CV-SIA	Kaylee; engorged, guts, salivary tissue with exoskeleton (no head or legs), tools flamed before guts, salivaray glands not for microbiome		Guts and salivary glands	5/5/2018	5/14/2018		33			Mammal	Yes	Two	Mus	Human				Yes	Negative	Negative	Negative	No	Negative	Negative	Negative			
C8.P1	C8	Plate-1	34	CA3P17	R. pallescens	N2		Capira	Pasture	Canal	4/23/2017	CV-SIA	Kaylee; engorged, guts, salivary tissue with exoskeleton (no head or legs), tools flamed before guts, salivary glands not for microbiome		Guts and salivary glands	5/4/2018	5/14/2018		34			Mammal	Yes	Three	Mus	Philander	Human			Yes	Negative	Negative	Negative	No	Negative	Negative	Negative			
C9.P1	C9	Plate-1	35	CA3P17	R. pallescens	N3		Capira	Pasture	Canal	4/23/2017	CV-SIA	Kaylee; engorged, guts, salivary tissue; tools flamed before guts, salivary glands not for microbiome		Guts and salivary glands	5/6/2018	5/14/2018		35			Mammal	Yes	Three	Human	Philander	Mus			Yes	Negative	Negative	Negative	No	Negative	Negative	Negative			
C10.P1	C10	Plate-1	36	CA3P17	R. pallescens	N1		Capira	Pasture	Canal	4/23/2017	CV-SIA	Kaylee; guts, salivary tissue with exoskeleton (no head or legs); tools flamed before guts, salivary glands not for microbiome		Guts and salivary glands	5/5/2018	5/14/2018		36			Mammal	Yes	Three	Human	Mus	Other			Yes	Negative	Negative	Negative	No	Negative	Negative	Negative			
C11.P1	C11	Plate-1	37	CA3P17	R. pallescens	N1		Capira	Pasture	Canal	4/23/2017	CV-SIA	Kaylee; engorged, guts, salivary tissue with exoskeleton (no head or legs), tools flamed before guts, salivaray glands not for microbiome		Guts and salivary glands	5/6/2018	5/14/2018		37			Mammal	No	Two	Philander	Mus				Yes	Negative	Negative	Negative	No	Negative	Negative	Negative			
C12.P1	C12	Plate-1	38	CA3P17	R. pallescens	N1		Capira	Pasture	Canal	4/23/2017	CV-SIA	Kaylee; engorged, guts, salivary tissue with exoskeleton (no head or legs), tools flamed before guts, salivary glands not for microbiome		Guts and salivary glands	5/2/2018	5/15/2018		38			Mammal	No	One	Mus					Yes	Negative	Negative	Negative	No	Negative	Negative	Negative			
D1.P1	D1	Plate-1	39	CA3P17	R. pallescens	N1		Capira	Pasture	Canal	4/23/2017	CV-SIA	Kaylee; guts with exoskeleton, salivary tissue with exoskeleoton, no head or legs; tools flamed before gust, salivary tissue not for microbiome		Guts and salivary glands	5/7/2018	5/15/2018		39			Mammal	No	Two	Philander	Bos				Yes	Negative	Negative	Negative	No	Negative	Negative	Negative			
D2.P1	D2	Plate-1	40	CA3P17	R. pallescens	N1		Capira	Pasture	Canal	4/23/2017	CV-SIA	Kaylee; guts with exoskeleton, salivary tissue with exoskeleton (no head or legs); tools flamed before guts, salivary glands not for microbiome		Guts and salivary glands	5/5/2018	5/15/2018		40			Mammal_Reptile	No	Two	Mus	Mabuya				Yes	Negative	Negative	Negative	No	Negative	Negative	Negative			
D3.P1	D3	Plate-1	41	CA3P17	R. pallescens	N2		Capira	Pasture	Canal	4/23/2017	CV-SIA	Kaylee; engorged, guts, salivary tissue with exoskeleton (no head or legs), tools flamed before guts, salivaray glands not for microbiome		Guts and salivary glands	5/2/2018	5/15/2018		41			Mammal	No	One	Philander					Yes	Negative	Negative	Negative	No	Negative	Negative	Negative			
D4.P1	D4	Plate-1	42	CA3P17	R. pallescens	N2		Capira	Pasture	Canal	4/23/2017	CV-SIA	Kaylee; engorged, guts, salivary tissue with exoskeleton (no head or legs), tools flamed before guts, salivary glands not for microbiome		Guts and salivary glands	5/7/2018	5/21/2018		42			Mammal	No	One	Philander					Yes	Negative	Negative	Negative	No	Negative	Negative	Negative			
D5.P1	D5	Plate-1	43	CA3P17	R. pallescens	Adult	Male	Capira	Pasture	Canal	4/25/2017	CV-SIA	Kaylee; guts, salivary tissue; tools flamed before guts, salivary glands not for microbiome	Male	Guts and salivary glands	5/7/2018	5/21/2018		43			Mammal	No	One	Philander					Yes	Negative	Negative	Positive	No	Negative	Single	Trangeli			
D6.P1	D6	Plate-1	44	CA3P17	R. pallescens	N3		Capira	Pasture	Canal	4/25/2017	CV-SIA	Kaylee; engorged, guts, salivary tissue; tools flamed before guts, salivary glands not for microbiome		Guts and salivary glands	5/5/2018	5/21/2018		44			Mammal	No	One	Philander					Yes	Negative	Negative	Negative	No	Negative	Negative	Negative			
A1.P2	A1	Plate-2	45	CA2P16	R. pallescens	Adult		Capira	Peridomestic	Canal	11/11/2016	CV-SIA	Kaylee; engorged; guts, salivary tissue; flamed tools before guts, salivary tissue not for microbiome		Guts and salivary tissue				45			Mammal	Yes	Two	Human	Philander				Yes	Single	Positive	Negative	No	Positive	Negative	Tcruzi			
D7.P1	D7	Plate-1	47	CA7P17	R. pallescens	N1		Capira	Pasture	Canal	3/30/2017		Kaylee; guts, salivary tissue with exoskeleton (no head or legs); tools flamed before guts, salivary glands not for microbiome		Guts and salivary glands	5/6/2018	5/22/2018		47			Mammal	No	Two	Mus	Philander				Yes	Negative	Negative	Negative	No	Negative	Negative	Negative			
D8.P1	D8	Plate-1	48	CA7P17	R. pallescens	N1		Capira	Pasture	Canal	3/30/2017		Kaylee; guts, salivary tissue with exoskeleton (no head or legs); tools flamed before guts, salivary glands not for microbiome		Guts and salivary glands	5/5/2018	5/22/2018		48			Other	No	Two	Other	Philander				Yes	Negative	Negative	Negative	No	Negative	Negative	Negative			
D9.P1	D9	Plate-1	49	CA7P17	R. pallescens	N1		Capira	Pasture	Canal	3/30/2017		Kaylee; guts with exoskeleton, salivary tissue with exoskeleoton, no head or legs; tools flamed before gust, salivary tissue not for microbiome		Guts and salivary glands	5/7/2018	5/22/2018		49			Mammal_Bird	Yes	Four	Philander	Other	Thraupis	Human		Yes	Negative	Negative	Negative	No	Negative	Negative	Negative			
D10.P1	D10	Plate-1	50	CA7P17	R. pallescens	N1		Capira	Pasture	Canal	3/30/2017		Kaylee; guts with exoskeleton, salivary tissue with exoskeleoton, no head or legs; tools flamed before gust, salivary tissue not for microbiome		Guts and salivary glands	5/7/2018	5/22/2018		50			Mammal	No	Three	Mus	Other	Philander			Yes	Negative	Negative	Negative	No	Negative	Negative	Negative			
D11.P1	D11	Plate-1	51	CA7P17	R. pallescens	N1		Capira	Pasture	Canal	3/30/2017		Kaylee; guts, salivary tissue with exoskeleton (no head or legs); tools flamed before guts, salivary glands not for microbiome		Guts and salivary glands	5/4/2018	5/22/2018		51			Mammal	No	Two	Mus	Philander				Yes	Negative	Negative	Negative	No	Negative	Negative	Negative			
D12.P1	D12	Plate-1	52	CA7P17	R. pallescens	N1		Capira	Pasture	Canal	3/30/2017		Kaylee; guts with exoskeleton, salivary tissue with exoskeleoton, no head or legs; tools flamed before gust, salivary tissue not for microbiome		Guts and salivary glands	5/7/2018	5/22/2018		52			Other	No	Two	Other	Philander				Yes	Negative	Negative	Negative	No	Negative	Negative	Negative			
E1.P1	E1	Plate-1	53	CA7P17	R. pallescens	N2		Capira	Pasture	Canal	3/30/2017		Kaylee; engorged, guts, salivary tissue with exoskeleton (no head or legs), tools flamed before guts, salivaray glands not for microbiome		Guts and salivary glands	5/6/2018	5/22/2018		53			Other	Yes	Three	Other	Human	Mus			Yes	Negative	Negative	Negative	No	Negative	Negative	Negative			
E2.P1	E2	Plate-1	54	CA7P17	R. pallescens	N2		Capira	Pasture	Canal	3/30/2017		Kaylee; guts, salivary tissue; tools flamed before guts, salivary glands not for microbiome		Guts and salivary glands	5/5/2018	5/23/2018		54			Mammal	Yes	Three	Mus	Human	Other			Yes	Single	Positive	Positive	yes	Negative	Negative	Coinfection			
E3.P1	E3	Plate-1	55	CA7P17	R. pallescens	N2		Capira	Pasture	Canal	3/30/2017		Kaylee; engorged, guts, salivary tissue with exoskeleton (no head or legs), tools flamed before guts, salivaray glands not for microbiome		Guts and salivary glands	5/5/2018	5/23/2018		55			Other	No	One	Other					Yes	Negative	Negative	Negative	No	Negative	Negative	Negative			
E4.P1	E4	Plate-1	56	CA7P17	R. pallescens	N2		Capira	Pasture	Canal	3/30/2017		Kaylee; guts with exoskeleton, salivary tissue with exoskeleoton, no head or legs; tools flamed before gust, salivary tissue not for microbiome		Guts and salivary glands	5/7/2018	5/23/2018		56			Mammal	Yes	Three	Human	Other	Mus			Yes	Negative	Negative	Negative	No	Negative	Negative	Negative			
E5.P1	E5	Plate-1	57	CA7P17	R. pallescens	N5		Capira	Pasture	Canal	3/30/2017		Nina; autoclaved before guts, bead sterilizer before salivary glands		Guts and salivary glands	2/19/2018	3/31/2018	1.984	57	150.167		Mammal	Yes	Three	Bos	Mus	Human			Yes	Single	Positive	Negative	No	Positive	Negative	Tcruzi			
E6.P1	E6	Plate-1	58	CA7P17	R. pallescens	N5		Capira	Pasture	Canal	3/30/2017		Nina; bead sterilizer before guts and salivary glands; little salivary tissue recovered		Guts and salivary glands	2/19/2018	3/31/2018	1.823	58	37.314	6/12/2018	Mammal	Yes	Two	Human	Other				Yes	Single	Positive	Negative	No	Positive	Negative	Tcruzi			
E7.P1	E7	Plate-1	59	CA7P17	R. pallescens	N5		Capira	Pasture	Canal	3/30/2017		Nina; bead sterilizer before guts and salivary glands; little salivary tissue recovered		Guts and salivary glands	2/19/2018	3/29/2018	1.954	59	22.696	6/12/2018	Mammal	No	One	Mus					Yes	Single	Positive	Negative	No	Positive	Negative	Tcruzi			
E8.P1	E8	Plate-1	60	CA8P17	R. pallescens	N4		Capira	Pasture	Canal	6/17/2017		Nina; engorged; bead sterilizer before guts and salivary glands		Guts only	2/19/2018	3/29/2018	2.125	60	58.168	6/12/2018	Other	No	One	Other					Yes	Negative	Negative	Negative	No	Negative	Negative	Negative			
E9.P1	E9	Plate-1	61	CA8P17	R. pallescens	N1		Capira	Pasture	Canal	6/18/2017		Kaylee; guts, salivary tissue with exoskeleton (no head or legs); tools flamed before guts, salivary glands not for microbiome		Guts and salivary glands	5/2/2018	5/23/2018		61			Mammal	Yes	Four	Human	Mus	Potos	Other		Yes	Negative	Negative	Negative	No	Negative	Negative	Negative			
E10.P1	E10	Plate-1	62	CA8P17	R. pallescens	N2		Capira	Pasture	Canal	6/18/2017		Kaylee; engorged, guts with exoskeleton, salivary tissue with exoskeleton (no head or legs), tools flamed before guts, salivaray glands not for microbiome		Guts and salivary glands	5/5/2018	5/23/2018		62			Other	No	One	Other					Yes	Negative	Negative	Negative	No	Negative	Negative	Negative			
E11.P1	E11	Plate-1	63	CA9P17	R. pallescens	N3		Capira	Pasture	Canal	6/25/2017	CV-SIA	Kaylee; engorged, guts, salivary tissue; tools flamed before guts, salivary glands not for microbiome		Guts and salivary glands	5/14/2018	5/23/2018		63			Mammal	No	One	Mus					Yes	Negative	Negative	Negative	No	Negative	Negative	Negative			
E12.P1	E12	Plate-1	64	CA9P17	R. pallescens	N3		Capira	Pasture	Canal	6/19/2017	CV-SIA	Kaylee; guts with exoskeleton, salivary tissue with exoskeleton (no head or legs); tools flamed before guts, salivary glands not for microbiome		Guts and salivary glands	5/9/2018	5/23/2018		64			Other_Mammal_Bird	No	Three	Other	Mus	Piranga			Yes	Negative	Negative	Negative	No	Negative	Negative	Negative			
F1.P1	F1	Plate-1	65	CA9P17	R. pallescens	N3		Capira	Pasture	Canal	6/19/2017	CV-SIA	Kaylee; engorged, guts, salivary tissue; tools flamed before guts, salivary glands not for microbiome		Guts and salivary glands	5/8/2018	5/23/2018		65			Mammal	Yes	Two	Human	Potos				Yes	Negative	Negative	Negative	No	Negative	Negative	Negative			
F2.P1	F2	Plate-1	66	CA9P17	R. pallescens	N5		Capira	Pasture	Canal	6/19/2017	CV-SIA	Kaylee; engorged, guts, salivary tissue with exoskeleton; tools flamed before guts, salivary tissue not for microbiome		Guts and salivary glands	5/8/2018	5/23/2018		66			Mammal	No	Two	Mus	Philander				Yes	Negative	Negative	Negative	No	Negative	Negative	Negative			
F3.P1	F3	Plate-1	67	CA11P17	R. pallescens	N4		Capira	Pasture	Canal	6/17/2017	CV-SIA	Nina; salivary not for microbiome		Guts and salivary glands	3/8/2018	4/2/2018	2.03	67	162.774		Mammal	Yes	One	Human					Yes	Negative	Negative	Negative	No	Negative	Negative	Negative			
F4.P1	F4	Plate-1	68	CA11P17	R. pallescens	N2		Capira	Pasture	Canal	6/17/2017	CV-SIA	Kaylee; engorged, guts, salivary tissue with exoskeleton (no head or legs), tools flamed before guts, salivary glands not for microbiome		Guts and salivary glands	5/8/2018	5/23/2018		68			Other	No	One	Other					Yes	Negative	Negative	Negative	No	Negative	Negative	Negative			
F5.P1	F5	Plate-1	69	CA11P17	R. pallescens	N2		Capira	Pasture	Canal	6/19/2017	CV-SIA	Kaylee; engorged, guts, salivary tissue; tools flamed before guts, salivary glands not for microbiome		Guts and salivary glands	5/8/2018	5/23/2018		69			Other	No	One	Other					Yes	Negative	Negative	Negative	No	Negative	Negative	Negative			
F6.P1	F6	Plate-1	70	CA11P17	R. pallescens	N1		Capira	Pasture	Canal	6/19/2017	CV-SIA	Kaylee, engorged, guts, salivary tissue (little tissue), tools flamed before guts, salivary tissue not for microbiome		Guts and salivary glands	5/8/2018	5/23/2018		70			Other	No	One	Other					Yes	Negative	Negative	Negative	No	Negative	Negative	Negative			
F7.P1	F7	Plate-1	71	CA11P17	R. pallescens	N1		Capira	Pasture	Canal	6/18/2017	CV-SIA	Kaylee; guts (little gut tissue), salivary tissue with exoskeleton (no head or legs); tools flamed before guts, salivary glands not for microbiome		Guts and salivary glands	5/10/2018	5/23/2018		71			Mammal	Yes	Four	Mus	Human	Other	Philander		Yes	Negative	Negative	Negative	No	Negative	Negative	Negative			
F8.P1	F8	Plate-1	72	CA11P17	R. pallescens	N1		Capira	Pasture	Canal	6/18/2017	CV-SIA	Kaylee; guts, salivary tissue with exoskeleton (no head or legs); tools flamed before guts, salivary glands not for microbiome		Guts and salivary glands	5/9/2018	5/23/2018		72			Other	Yes	Three	Other	Human	Philander			Yes	Negative	Negative	Negative	No	Negative	Negative	Negative			
F9.P1	F9	Plate-1	73	CA11P17	R. pallescens	N1		Capira	Pasture	Canal	6/18/2017	CV-SIA	Kaylee; guts with exoskeleton, salivary tissue with exoskeleoton, no head or legs; tools flamed before gust, salivary tissue not for microbiome		Guts and salivary glands	5/7/2018	5/23/2018		73			Mammal	Yes	Two	Human	Other				Yes	Negative	Negative	Negative	No	Negative	Negative	Negative			
F10.P1	F10	Plate-1	74	Las Pavas	R. pallescens	N3		Las Pavas	Peridomestic	Canal	NA		Kaylee; engorged; guts, salivary tissue with exoskeleton (no legs or head); flamed tools before guts, salivary tissue not for microbiome		Guts and salivary glands	5/7/2018	5/23/2018		74			Other	Yes	Two	Other	Human				Yes	Negative	Negative	Negative	No	Negative	Negative	Negative			
F11.P1	F11	Plate-1	75	LP#2, Capira0217	R. pallescens	Adult		Las Pavas	Peridomestic	Canal	9/9/2017	CV-SIA	Nina; eggs; autoclaved before guts, bead sterilizer before salivary glands	female	Guts and salivary glands	2/20/2018	4/2/2018		75			Mammal	No	One	Philander					Yes	Single	Positive	Positive	yes	Positive	Single	Coinfection			
F12.P1	F12	Plate-1	76	LP#2, Capira0217	R. pallescens	N3		Las Pavas	Peridomestic	Canal	7/29/2017	CV-SIA	Nina; (dissected twice) Kaylee; engorged, guts, salivary tissue, tools flamed before guts, salivary tissue not for microbiome		Guts and salivary glands	2/20/2018 & 5/10/2018	5/23/2018		76			Bird	No	One	Piranga					Yes	Negative	Negative	Positive	No	Negative	Single	Trangeli			
G1.P1	G1	Plate-1	77	LP#3, Capira0317	R. pallescens	N3		Las Pavas	Peridomestic	Canal	7/29/2017	CV-SIA	Kaylee; engorged, guts, salivary tissue, tools flamed before guts, salivary tissue not for microbiome		Guts and Salivary glands	5/10/2018	5/23/2018		77			Mammal	Yes	Three	Human	Philander	Mus			Yes	Negative	Negative	Negative	No	Negative	Negative	Negative			
G2.P1	G2	Plate-1	78	LP#3, Capira0317	R. pallescens	Adult		Las Pavas	Peridomestic	Canal	9/9/2017	CV-SIA	Nina; bead sterilizer before guts and salivary glands		Guts and Salivary glands		4/2/2018	2.042	78	101.599		Mammal	No	One	Philander					Yes	Single	Positive	Positive	yes	Positive	Negative	Coinfection			
G3.P1	G3	Plate-1	79	HN1	R. pallescens	N1		La Chorrera	Peridomestic	Canal	6/27/2017		Kaylee; guts, salivary tissue with exoskeleton (no head, no legs), tools flamed before guts, salivary gland not for microbiome		Guts and Salivary glands	5/10/2018	5/23/2018		79			Mammal	Yes	Three	Philander	Human	Mus			Yes	Negative	Negative	Negative	No	Negative	Negative	Negative			
G4.P1	G4	Plate-1	80	HN1	T. dimidiata	N4		La Chorrera	Peridomestic	Canal	6/27/2017		Nina; autoclaved before guts, salivary not for microbiome		Guts and Salivary glands	3/20/2018	5/1/2018		80			Mammal	Yes	Three	Human	Mus	Philander			Yes	Single	Positive	Negative	No	Positive	Negative	Tcruzi			
G5.P1	G5	Plate-1	81	HN7	R. pallescens	Adult		La Chorrera	Peridomestic	Canal	6/26/2017		Nina; eggs; bead sterilizer before guts and salivary glands	Female	Guts and Salivary glands	2/12/2018	4/2/2018	2.007	81	132.722		Mammal	Yes	Three	Mus	Philander	Human			Yes	Single	Positive	Positive	yes	Positive	Negative	Coinfection			
G6.P1	G6	Plate-1	82	HN10	R. pallescens	N2		La Chorrera	Peridomestic	Canal	6/17/2017		Kaylee; guts, salivary tissue with exoskeleton (no head, no legs), tools flamed before guts, salivary gland not for microbiome		Guts and Salivary Glands	5/14/2018	5/23/2018		82			Mammal	No	Two	Mus	Philander				Yes	Negative	Negative	Negative	No	Negative	Negative	Negative			
G7.P1	G7	Plate-1	83	HN11	R. pallescens	Adult	Female	La Chorrera	Peridomestic	Canal	7/20/2017		Nina; autoclaved before guts, bead sterilizer before salivary glands; Eggs recoverd, placed in EtOH in -20	Female	Guts and Salivary Glands	2/8/2018	3/31/2018	1.789	83	266.619		Mammal	No	One	Mus					Yes	Single	Positive	Negative	No	Positive	Negative	Tcruzi			
G8.P1	G8	Plate-1	84	HN11	R. pallescens	N2		La Chorrera	Peridomestic	Canal	7/20/2017		Kaylee; guts, salivary tissue; tools flamed before guts, sal tissue not for microbiome		Guts and Salivary glands	5/14/2018	5/23/2018		84			Bird_Mammal	No	Four	Piranga	Other	Mus	Philander		Yes	Negative	Negative	Negative	No	Negative	Negative	Negative			
G9.P1	G9	Plate-1	85	HN2	R. pallescens	N1		La Chorrera	Peridomestic	Canal	6/25/2017		Kaylee; guts with exoskeleton, salivary tissue with exoskeleoton, no head or legs; tools flamed before gust, salivary tissue not for microbiome		Guts and Salivary glands	5/14/2018	5/23/2018		85			Mammal	Yes	Two	Human	Mus				Yes	Negative	Negative	Negative	No	Negative	Negative	Negative			
G10.P1	G10	Plate-1	86	HN2	R. pallescens	N1		La Chorrera	Peridomestic	Canal	6/25/2017		Kaylee; guts, salivary tissue with exoskeleton (no head, no legs), tools flamed before guts, salivary gland not for microbiome		Guts and Salivary glands	5/14/2018	5/23/2018		86			Other	No	One	Other					Yes	Negative	Negative	Negative	No	Negative	Negative	Negative			
G11.P1	G11	Plate-1	87	HN2	R. pallescens	N2		La Chorrera	Peridomestic	Canal	6/26/2017		Kaylee; guts, salivary tissue; tools flamed before guts, sal tissue not for microbiome		Guts and Salivary	5/9/2018	5/23/2018		87			Mammal	No	Two	Mus	Philander				Yes	Negative	Negative	Negative	No	Negative	Negative	Negative			
G12.P1	G12	Plate-1	88	HN5	R. pallescens	N1		La Chorrera	Peridomestic	Canal	6/25/2017		Kaylee; guts with exoskeleton, salivary tissue with exoskeleoton, no head or legs; tools flamed before gust, salivary tissue not for microbiome		Guts and Salivary glands	5/7/2018	5/23/2018		88			Mammal	No	One	Mus					Yes	Negative	Negative	Negative	No	Negative	Negative	Negative			
H1.P1	H1	Plate-1	89	HN5	R. pallescens	N2		La Chorrera	Peridomestic	Canal	6/25/2017		Kaylee; guts, salivary tissues with exoskeleton (no head or legs); tools flamed before guts, sal tissue not for microbiome		Guts and Salivary glands	5/9/2018	5/23/2018		89			Bird_Mammal	Yes	Two	Piranga	Human				Yes	Negative	Negative	Negative	No	Negative	Negative	Negative			
H2.P1	H2	Plate-1	90	HN5	R. pallescens	N2		La Chorrera	Peridomestic	Canal	6/25/2017		Kaylee; guts, salivary tissues with exoskeleton (no head or legs); tools flamed before guts, sal tissue not for microbiome		Guts and Salivary glands	5/8/2018	5/23/2018		90			Bird	No	One	Piranga					Yes	Negative	Negative	Negative	No	Negative	Negative	Negative			
H3.P1	H3	Plate-1	91	HN5	R. pallescens	N2		La Chorrera	Peridomestic	Canal	6/25/2017				Gut and salivary glands	11/21/2017	3/31/2018	1.933	91	4.233		Mammal_Bird	No	Two	Leopardus	Piranga				Yes	Negative	Negative	Negative	No	Negative	Negative	Negative			
H4.P1	H4	Plate-1	92	HN5	R. pallescens	N4		La Chorrera	Peridomestic	Canal	6/25/2017				Gut and salivary glands	11/21/2017	3/31/2018	1.807	92	15.204		Bird	No	One	Piranga					Yes	Negative	Negative	Negative	No	Negative	Negative	Negative			
H5.P1	H5	Plate-1	93	HN5	R. pallescens	N1		La Chorrera	Peridomestic	Canal	6/26/2017				Gut and salivary glands	11/21/2017	3/31/2018	1.578	93	6.51		Mammal_Bird	Yes	Three	Human	Mus	Piranga			Yes	Negative	Negative	Negative	No	Negative	Negative	Negative			
H6.P1	H6	Plate-1	94	HN5	R. pallescens	N1		La Chorrera	Peridomestic	Canal	6/26/2017				Gut and salivary glands	11/21/2017	3/31/2018	1.598	94	6.819		Mammal	Yes	One	Human					Yes	Negative	Negative	Negative	No	Negative	Negative	Negative			
H7.P1	H7	Plate-1	95	HN5	R. pallescens	N1		La Chorrera	Peridomestic	Canal	6/26/2017				Gut and salivary glands	11/21/2017	3/31/2018	1.511	95	3.518		Mammal_Bird	Yes	Three	Mus	Human	Piranga			Yes	Negative	Negative	Negative	No	Negative	Negative	Negative			
H8.P1	H8	Plate-1	96	HN5	R. pallescens	N2		La Chorrera	Peridomestic	Canal	6/26/2017				Guts only	11/21/2017	3/31/2018	0.789	96	2.206		Bird	No	Two	Piranga	Other				Yes	Negative	Negative	Negative	No	Negative	Negative	Negative			
H9.P1	H9	Plate-1	98	HN5	R. pallescens	N2		La Chorrera	Peridomestic	Canal	6/27/2017		Kaylee; engorged, guts, salivary tissue with exoskeleton (no head or legs); tools flamed before guts, salivary tissue not for microbiome		Guts and Salivary glands	5/9/2018	5/23/2018		98			Other	No	One	Other					Yes	Negative	Negative	Negative	No	Negative	Negative	Negative			
H10.P1	H10	Plate-1	99	HN5	R. pallescens	N2		La Chorrera	Peridomestic	Canal	6/27/2017		Kaylee; engorged; guts, salivary tissue with exoskeleton (no legs or head); flamed tools before guts, salivary tissue not for microbiome		Guts and Salivary glands	5/9/2018	5/23/2018		99			Other	No	One	Other					Yes	Negative	Negative	Negative	No	Negative	Negative	Negative			
H11.P1	H11	Plate-1	100	HN5	R. pallescens	N2		La Chorrera	Peridomestic	Canal	6/27/2017		Kaylee; guts with exoskelton and sal tissue with exoskeleton (no head or legs); flamed tools before guts, salivary tissue not for microbiome		Guts and Salivary glands	5/9/2018	5/23/2018		100			Mammal_Bird	Yes	Three	Human	Mus	Piranga			Yes	Negative	Negative	Negative	No	Negative	Negative	Negative			
H12.P1	H12	Plate-1	101	HN5	R. pallescens	N3		La Chorrera	Peridomestic	Canal	6/27/2017		Kaylee; guts, salivary tissue, flamed tools before guts, salivary glands not for microbiome		Guts and Salivary glands	5/9/2018	5/23/2018		101			Bird	No	One	Piranga					Yes	Negative	Negative	Negative	No	Negative	Negative	Negative			
A2.P2	A2	Plate-2	102	HN3	R. pallescens	Adult		La Chorrera	Peridomestic	Canal	6/25/2017		Nina; bead sterilizer before guts and salivary glands; white intestines (during extraction, sample <200µL, added 50µL of buffer)		Guts and Salivary	2/8/2018	3/31/2018	1.753	102	35.495		Mammal	Yes	Three	Mammalia;Didelphimorpha;Didelphidae;Philander;opossum	Mammalia;Primate;Hominidae;Homo;sapiens	Mammalia;Rodentia;Muridae;Mus;musculus			Yes	Single	Positive	Negative	No	Negative	Negative	Tcruzi			
A3.P2	A3	Plate-2	103	HN3	R. pallescens	N1		La Chorrera	Peridomestic	Canal	6/25/2017		Kaylee; guts with exoskelton and sal tissue with exoskeleton (no head or legs); flamed tools before guts, salivary tissue not for microbiome		Guts and Salivary glands	5/8/2018	5/24/2018		103			Mammal	Yes	Four	Mammalia;Primate;Hominidae;Homo;sapiens	Mammalia;Carnivora;Procyonidae;Procyon;lotor	Mammalia;Cetartiodactyla;Bovidae;Bos;taurus	Mammalia;Rodentia;Muridae;Mus;musculus		Yes	Negative	Negative	Negative	No	Negative	Negative	Negative			
A4.P2	A4	Plate-2	104	HN3	R. pallescens	N1		La Chorrera	Peridomestic	Canal	6/25/2017		Kaylee; guts, salivary tissues with exoskeleton (no head or legs); tools flamed before guts, sal tissue not for microbiome		Guts and Salivary glands	5/9/2018	5/24/2018		104			Mammal	Yes	Two	Mammalia;Primate;Hominidae;Homo;sapiens	Mammalia;Rodentia;Muridae;Mus;musculus				Yes	Negative	N/A	Negative	N/A	Negative	Negative	Negative			
A5.P2	A5	Plate-2	105	HN3	R. pallescens	N1		La Chorrera	Peridomestic	Canal	6/25/2017		Kaylee; guts, salivary tissue (little tissue in guts and salivary glands), tools flamed before guts, salivary not for microbiome		Guts and Salivary glands	5/10/2018	5/24/2018		105			Mammal	Yes	Two	Mammalia;Primate;Hominidae;Homo;sapiens	Mammalia;Rodentia;Muridae;Mus;musculus				Yes	Single	Positive	Negative	No	Negative	Negative	Tcruzi			
A6.P2	A6	Plate-2	106	HN3	R. pallescens	N1		La Chorrera	Peridomestic	Canal	6/25/2017		Kaylee; guts with exoskelton and sal tissue with exoskeleton (no head or legs); flamed tools before guts, salivary tissue not for microbiome		Guts and Salivary glands	5/8/2018	5/24/2018		106			Mammal	Yes	Three	Mammalia;Didelphimorpha;Didelphidae;Philander;opossum	Mammalia;Primate;Hominidae;Homo;sapiens	Mammalia;Rodentia;Muridae;Mus;musculus			Yes	Negative	Negative	Negative	No	Negative	Negative	Negative			
A7.P2	A7	Plate-2	107	HN3	R. pallescens	N3		La Chorrera	Peridomestic	Canal	6/25/2017		Kaylee; engorged, guts, salivary tissue, tools flamed before guts, salivary tissue not for microbiome		Guts and Salivary glands	5/10/2018	5/24/2018		107			Mammal	Yes	Two	Mammalia;Didelphimorpha;Didelphidae;Philander;opossum	Mammalia;Primate;Hominidae;Homo;sapiens				Yes	Negative	Negative	Negative	No	Negative	Negative	Negative			
A8.P2	A8	Plate-2	108	HN3	R. pallescens	Adult		La Chorrera	Peridomestic	Canal	6/25/2017		Nina; bead sterilizer before guts and salivary glands		Guts and Salivary	2/8/2018	4/2/2018	1.924	108	110.291		Mammal	Yes	Three	Mammalia;Primate;Hominidae;Homo;sapiens	Mammalia;Rodentia;Muridae;Mus;musculus	Mammalia;Didelphimorpha;Didelphidae;Philander;opossum			Yes	Single	Positive	Negative	No	Positive	Negative	Tcruzi			
A9.P2	A9	Plate-2	109	HN3	R. pallescens	Adult		La Chorrera	Peridomestic	Canal	6/25/2017		Nina; bead sterilizer before guts and salivary glands; eggs	female	Guts and Salivary	2/8/2018	4/2/2018	2.057	109	62.698		Mammal	Yes	Two	Mammalia;Primate;Hominidae;Homo;sapiens	Mammalia;Rodentia;Muridae;Mus;musculus				Yes	Single	Positive	Negative	No	Positive	Negative	Tcruzi			
A10.P2	A10	Plate-2	110	HN9	R. pallescens	Adult		La Chorrera	Peridomestic	Canal	6/25/2017	CV-SIA	Nina; bead sterilizer before guts and salivary glands		Guts and Salivary glands	2/20/2018	4/2/2018	1.988	110	23.401	6/12/2018	Mammal	Yes	One	Mammalia;Primate;Hominidae;Homo;sapiens					Yes	Single	Positive	Negative	No	Positive	Negative	Tcruzi			
A11.P2	A11	Plate-2	111	HN9	R. pallescens	N5		La Chorrera	Peridomestic	Canal	6/25/2017	CV-SIA	Nina; bead sterilizer before guts and salivary glands		Guts and Salivary glands	2/21/2018	4/2/2018	2.1	111	109.678	6/12/2018	Mammal	Yes	Three	Mammalia;Primate;Hominidae;Homo;sapiens	Mammalia;Didelphimorpha;Didelphidae;Philander;opossum	Mammalia;Rodentia;Muridae;Mus;musculus			Yes	Single	Positive	Negative	No	Positive	Negative	Tcruzi			
A12.P2	A12	Plate-2	112	HN9	R. pallescens	N3		La Chorrera	Peridomestic	Canal	6/25/2017	CV-SIA	Kaylee; engorged, guts, salivary tissue, tools flamed before guts, salivary tissue not for microbiome		Guts and Salivary glands	5/8/2018	5/24/2018		112			Mammal	No	One	Mammalia;Rodentia;Muridae;Mus;musculus					Yes	Single	Positive	Negative	No	Positive	Negative	Tcruzi		31 August 2019	
B1.P2	B1	Plate-2	113	HN9	R. pallescens	N3		La Chorrera	Peridomestic	Canal	6/25/2017	CV-SIA	Kaylee; engorged, guts, salivary tissue, tools flamed before guts, salivary tissue not for microbiome		Guts and Salivary glands	5/14/2018	5/24/2018		113			Bird_Mammal	No	Two	Aves;Passeriformes;Turdidae;Turdus;grayi	Mammalia;Didelphimorpha;Didelphidae;Philander;opossum				Yes	Negative	Negative	Negative	No	Negative	Negative	Negative			
B2.P2	B2	Plate-2	114	HN9	R. pallescens	N2		La Chorrera	Peridomestic	Canal	6/25/2017	CV-SIA	Kaylee; guts, salivary tissue with exoskeleton (no head, no legs), tools flamed before guts, salivary gland not for microbiome		Guts and Salivary glands	5/8/2018	5/24/2018		114			Mammal	Yes	Two	Mammalia;Didelphimorpha;Didelphidae;Philander;opossum	Mammalia;Primate;Hominidae;Homo;sapiens				Yes	Negative	Negative	Negative	No	Positive	Negative	Negative			
B3.P2	B3	Plate-2	115	HN9	R. pallescens	N2		La Chorrera	Peridomestic	Canal	6/25/2017	CV-SIA	Kaylee; guts, salivary tissue, flamed tools before guts, salivary glands not for microbiome		Guts and Salivary glands	5/9/2018	5/24/2018		115			Mammal	No	One	Mammalia;Didelphimorpha;Didelphidae;Philander;opossum					Yes	Negative	Negative	Negative	No	Negative	Negative	Negative			
B4.P2	B4	Plate-2	116	HN9	R. pallescens	N1		La Chorrera	Peridomestic	Canal	6/25/2017	CV-SIA	Kaylee; guts with exoskelton and sal tissue with exoskeleton (no head or legs); flamed tools before guts, salivary tissue not for microbiome		Guts and Salivary glands	5/9/2018	5/24/2018		116			Mammal	Yes	Two	Mammalia;Didelphimorpha;Didelphidae;Philander;opossum	Mammalia;Primate;Hominidae;Homo;sapiens				Yes	Positive	Positive	Negative	No	Negative	Negative	Tcruzi			15 January 2020
B5.P2	B5	Plate-2	117	HN9	R. pallescens	N5		La Chorrera	Peridomestic	Canal	6/25/2017	CV-SIA	Nina; bead sterilizer before guts and salivary glands; engorged; some blood and exoskeleton with salivary glands		Guts and Salivary glands	2/23/2018	4/3/2018	1.84	117	11.575		Mammal	No	One	Mammalia;Didelphimorpha;Didelphidae;Philander;opossum					Yes	Single	Positive	Negative	No	Positive	Negative	Tcruzi			
B6.P2	B6	Plate-2	118	HN9	R. pallescens	N3		La Chorrera	Peridomestic	Canal	6/25/2017	CV-SIA	Kaylee; engorged; bead sterilizer before guts and salivary glands		Guts and salivary glands	3/1/2018	4/2/2018	1.531	118	10.948		Mammal	No	One	Mammalia;Didelphimorpha;Didelphidae;Philander;opossum					Yes	Negative	Positive	Positive	yes	Positive	Negative	Coinfection		29 August 2019	
B7.P2	B7	Plate-2	119	HN9	R. pallescens	N3		La Chorrera	Peridomestic	Canal	6/25/2017	CV-SIA	Kaylee; autoclaved tools before guts; salivary not for microbiome		Guts and Salivary glands	3/22/2018	5/1/2018		119			Mammal_Bird	No	Two	Mammalia;Didelphimorpha;Didelphidae;Philander;opossum	Aves;Passeriformes;Turdidae;Turdus;grayi				Yes	Single	Positive	Negative	No	Positive	Negative	Tcruzi			
B8.P2	B8	Plate-2	120	HN9	R. pallescens	N3		La Chorrera	Peridomestic	Canal	6/25/2017	CV-SIA	Kaylee; flamed tools before guts; salivary not for microbiome		Guts and Salivary glands	3/22/2018	5/1/2018		120			Mammal	No	One	Mammalia;Didelphimorpha;Didelphidae;Philander;opossum					Yes	Single	Positive	Positive	yes	Positive	Negative	Coinfection		29 August 2019	
B9.P2	B9	Plate-2	121	HN9	R. pallescens	N5		La Chorrera	Peridomestic	Canal	6/26/2017	CV-SIA	Nina; bead sterilizer before guts and salivary glands		Guts and Salivary glands	2/23/2018	4/3/2018	1.866	121	17.172		Mammal	No	One	Mammalia;Didelphimorpha;Didelphidae;Philander;opossum					Yes	Single	Positive	Negative	No	Positive	Negative	Tcruzi			
B10.P2	B10	Plate-2	122	HN9	R. pallescens	N2		La Chorrera	Peridomestic	Canal	6/26/2017	CV-SIA	Kaylee; engorged; guts, salivary tissue; flamed tools before guts, salivary tissue not for microbiome		Guts and salivary glands	5/7/2018	5/23/2018		122			Mammal_Bird	No	Two	Mammalia;Didelphimorpha;Didelphidae;Philander;opossum	Aves;Passeriformes;Turdidae;Turdus;grayi				Yes	Negative	Positive	Negative	No	Negative	Negative	Tcruzi	(duplex PCR redone on 29 August 2019, all negative)	29 August 2019	
B11.P2	B11	Plate-2	123	HN9	R. pallescens	N2		La Chorrera	Peridomestic	Canal	6/26/2017	CV-SIA	Kaylee; engorged, guts, salivary tissue, tools flamed before guts, salivary tissue not for microbiome		Guts and salivary glands	5/9/2018	5/23/2018		123			Mammal	No	One	Mammalia;Didelphimorpha;Didelphidae;Philander;opossum					Yes	Negative	Positive	Positive	yes	Negative	Negative	Coinfection			
B12.P2	B12	Plate-2	124	HN9	R. pallescens	N2		La Chorrera	Peridomestic	Canal	6/26/2017	CV-SIA	Kaylee; engorged, guts, salivary tissue, tools flamed before guts, salivary tissue not for microbiome		Guts and salivary glands	5/9/2018	5/23/2018		124			Mammal	No	One	Mammalia;Didelphimorpha;Didelphidae;Philander;opossum					Yes	Single	Positive	Positive	yes	Negative	Negative	Coinfection		31 Augsut 2019	
C1.P2	C1	Plate-2	125	HN9	R. pallescens	N1		La Chorrera	Peridomestic	Canal	6/26/2017	CV-SIA	Kaylee; guts with exoskelton and sal tissue with exoskeleton (no head or legs); flamed tools before guts, salivary tissue not for microbiome		Guts and salivary glands	5/7/2018	5/23/2018		125			Mammal_Bird	Yes	Four	Mammalia;Didelphimorpha;Didelphidae;Philander;opossum	Aves;Passeriformes;Thraupidae;Thraupis;sayaca	Other	Mammalia;Primate;Hominidae;Homo;sapiens		Yes	Negative	Negative	Positive	No	Positive	Single	Trangeli			
C2.P2	C2	Plate-2	126	HN9	R. pallescens	N2		La Chorrera	Peridomestic	Canal	6/27/2017	CV-SIA	Kaylee; engorged, guts, salivary tissue, tools flamed before guts, salivary tissue not for microbiome		Guts and salivary glands	5/9/2018	5/23/2018		126			Mammal_Bird	No	Two	Mammalia;Didelphimorpha;Didelphidae;Philander;opossum	Aves;Passeriformes;Thraupidae;Thraupis;sayaca				Yes	Single	Positive	Positive	yes	Positive	Negative	Coinfection			
C3.P2	C3	Plate-2	127	HN9	R. pallescens	N2		La Chorrera	Peridomestic	Canal	6/27/2017	CV-SIA	Kaylee; guts with exoskelton and sal tissue with exoskeleton (no head or legs); flamed tools before guts, salivary tissue not for microbiome		Guts and salivary glands	5/7/2018	5/23/2018		127			Mammal_Bird	No	Three	Mammalia;Didelphimorpha;Didelphidae;Philander;opossum	Aves;Passeriformes;Thraupidae;Thraupis;sayaca	Mammalia;Rodentia;Muridae;Mus;musculus			Yes	Negative	Negative	Positive	No	Negative	Single	Trangeli			
C4.P2	C4	Plate-2	128	HN9	R. pallescens	N2		La Chorrera	Peridomestic	Canal	6/27/2017	CV-SIA	Kaylee; engorged; guts, salivary tissue; flamed tools before guts, salivary tissue not for microbiome		Guts and salivary glands	5/9/2018	5/23/2018		128			Mammal	No	One	Mammalia;Didelphimorpha;Didelphidae;Philander;opossum					Yes	Single	Positive	Positive	yes	Positive	Negative	Coinfection			
C5.P2	C5	Plate-2	129	HN9	R. pallescens	N2		La Chorrera	Peridomestic	Canal	6/27/2017	CV-SIA	Kaylee; engorged; guts, salivary tissue with exoskeleton (no legs or head); flamed tools before guts, salivary tissue not for microbiome		Guts and salivary glands	5/7/2018	5/24/2018		129			Mammal_Bird	No	Two	Mammalia;Didelphimorpha;Didelphidae;Philander;opossum	Aves;Passeriformes;Thraupidae;Thraupis;sayaca				Yes	Single	Positive	Negative	No	Negative	Negative	Tcruzi			
C6.P2	C6	Plate-2	130	HN9	R. pallescens	N3		La Chorrera	Peridomestic	Canal	6/27/2017	CV-SIA	Kaylee; engorged; guts, salivary tissue with exoskeleton (no legs or head); flamed tools before guts, salivary tissue not for microbiome		Guts and Salivary	5/9/2018	5/24/2018		130			Mammal_Bird	No	Two	Mammalia;Didelphimorpha;Didelphidae;Philander;opossum	Aves;Passeriformes;Thraupidae;Thraupis;sayaca				Yes	Single	Positive	Negative	No	Positive	Negative	Tcruzi			
C7.P2	C7	Plate-2	131	HN9	R. pallescens	N3		La Chorrera	Peridomestic	Canal	6/27/2017	CV-SIA	Kaylee; guts, salivary tissue, tools flamed before guts, salivary tissue not for microbiome		Guts and Salivary	5/14/2018	5/24/2018		131			Mammal_Bird	Yes	Four	Mammalia;Primate;Hominidae;Homo;sapiens	Mammalia;Didelphimorpha;Didelphidae;Philander;opossum	Mammalia;Cetartiodactyla;Bovidae;Bos;taurus	Aves;Passeriformes;Thraupidae;Thraupis;sayaca		Yes	Single	Positive	Negative	No	Positive	Negative	Tcruzi			
C8.P2	C8	Plate-2	132	CHOR1P4	R. pallescens	N3		La Chorrera	Pasture	Canal	6/27/2017		Kaylee; guts, salivary tissue (little tissue recovered), tools flamed before guts, salivary tissue not for microbiome		Guts and salivary glands	5/9/2018	5/24/2018		132			Mammal_Bird	No	Two	Mammalia;Didelphimorpha;Didelphidae;Philander;opossum	Aves;Passeriformes;Thraupidae;Thraupis;sayaca				Yes	Negative	Negative	Negative	No	Negative	Negative	Tcruzi			
C9.P2	C9	Plate-2	133	CHOR1P6	R. pallescens	N5		La Chorrera	Pasture	Canal	6/25/2017		Nina; engorged; bead sterilizer before guts and salivary glands		Guts and some salivary glands	2/19/2018	4/4/2018	1.99	133	85.719		Bird	No	One	Aves;Passeriformes;Thraupidae;Thraupis;sayaca					Yes	Negative	Negative	Negative	No	Negative	Negative	Negative			
C10.P2	C10	Plate-2	134	CHOR1P6	R. pallescens	N3		La Chorrera	Pasture	Canal	6/25/2017		Kaylee; engorged; guts, salivary tissue with exoskeleton (no legs or head); flamed tools before guts, salivary tissue not for microbiome		Guts and salivary glands	5/7/2018	5/24/2018		134			Bird	No	One	Aves;Passeriformes;Thraupidae;Thraupis;sayaca					Yes	Negative	Negative	Negative	No	Negative	Negative	Negative			
C11.P2	C11	Plate-2	135	CHOR1P6	R. pallescens	N2		La Chorrera	Pasture	Canal	6/25/2017		Kaylee; guts, salivary tissue with exoskeleton (no head, no legs), tools flamed before guts, salivary tussue not for microbiome		Guts and Salivary glands	5/8/2018	5/24/2018		135			Mammal_Bird	No	Two	Mammalia;Didelphimorpha;Didelphidae;Philander;opossum	Aves;Passeriformes;Thraupidae;Thraupis;sayaca				Yes	Negative	Negative	Negative	No	Negative	Negative	Negative			
C12.P2	C12	Plate-2	136	CAM1P17	R. pallescens	Adult		Campana	Peridomestic	Canal	7/2/2017		Nina; bead sterilizer before guts and salivary glands		Guts and Salivary glands	2/12/2018	4/4/2018	2.089	136	49.5		Mammal	No	One	Mammalia;Didelphimorpha;Didelphidae;Philander;opossum					Yes	Single	Positive	Positive	yes	Negative	Negative	Coinfection		31 August 2019	
D1.P2	D1	Plate-2	137	CAM1P17	R. pallescens	N3		Campana	Peridomestic	Canal	7/2/2017		Kaylee; engorged; guts, salivary tissue; flamed tools before guts, salivary tissue not for microbiome		Guts and Salivary glands	5/9/2018	5/24/2018		137			Mammal	No	One	Mammalia;Didelphimorpha;Didelphidae;Philander;opossum					Yes	Single	Positive	Negative	No	Positive	Negative	Tcruzi			
D2.P2	D2	Plate-2	138	CAM1P17	R. pallescens	N2		Campana	Peridomestic	Canal	7/2/2017		Kaylee; engorged; guts, salivary tissue with exoskeleton (no legs or head); flamed tools before guts, salivary tissue not for microbiome		Guts and Salivary glands	5/7/2018	5/24/2018		138			Mammal	No	Two	Mammalia;Didelphimorpha;Didelphidae;Philander;opossum	Mammalia;Rodentia;Heteromyidae;Heteromys;australis				Yes	Single	Positive	Negative	No	Negative	Negative	Tcruzi			
D3.P2	D3	Plate-2	139	CAM1P17	R. pallescens	N2		Campana	Peridomestic	Canal	7/2/2017		Kaylee; engorged; guts, salivary tissue with exoskeleton (no legs or head); flamed tools before guts, salivary tissue not for microbiome		Guts and Salivary glands	5/7/2018	5/24/2018		139			Mammal	Yes	Four	Mammalia;Didelphimorpha;Didelphidae;Philander;opossum	Mammalia;Cetartiodactyla;Bovidae;Bos;taurus	Mammalia;Carnivora;Felidae;Leopardus;wiedii	Mammalia;Primate;Hominidae;Homo;sapiens		Yes	Positive	Positive	Positive	yes	Negative	Single	Coinfection		29 August 2019	15 January 2020
D4.P2	D4	Plate-2	140	CAM1P17	R. pallescens	N2		Campana	Peridomestic	Canal	7/2/2017		Kaylee; engorged; guts, salivary tissue with exoskeleton (no legs or head); flamed tools before guts, salivary tissue not for microbiome		Guts and Salivary glands	5/7/2018	5/24/2018		140			Mammal	No	One	Mammalia;Didelphimorpha;Didelphidae;Philander;opossum					Yes	Negative	Negative	Negative	No	Positive	Single	Negative			
D5.P2	D5	Plate-2	141	CAM1P17	R. pallescens	N2		Campana	Peridomestic	Canal	7/2/2017		Kaylee; flamed tools before guts, sal tissue not for microbiome; little salivary tissue		Guts and Salivary glands	4/5/2018	5/24/2018		141			Mammal	No	Two	Mammalia;Didelphimorpha;Didelphidae;Philander;opossum	Mammalia;Rodentia;Muridae;Mus;musculus				Yes	Negative	Negative	Positive	No	Negative	Single	Trangeli			
D6.P2	D6	Plate-2	142	CAM2P17	R. pallescens	Adult		Campana	Peridomestic	Canal	7/2/2017		Nina; autoclaved before guts, salivary glands dissinfected using sporicidin & wipes		Guts and Salivary	1/16/2018	4/3/2018	1.489	142	9.96		Mammal	No	Two	Mammalia;Didelphimorpha;Didelphidae;Philander;opossum	Mammalia;Rodentia;Erethizontidae;Coendou;bicolor				Yes	Single	Positive	Positive	yes	Positive	Negative	Coinfection			
D7.P2	D7	Plate-2	143	CAM2P17	R. pallescens	Adult		Campana	Peridomestic	Canal	7/2/2017		Nina; disinfected with sporicidin & clorox wipes before guts and before salivary glands; eggs	Female	Guts and Salivary	1/16/2018	4/3/2018	1.92	143	24.755		Mammal	No	Two	Mammalia;Didelphimorpha;Didelphidae;Philander;opossum	Mammalia;Pilosa;Mymecophagidae;Tamandua;mexicana				Yes	Single	Positive	Positive	yes	Positive	Negative	Coinfection			
D8.P2	D8	Plate-2	144	CHOR1P3	R. pallescens	N2		La Chorrera	Pasture	Canal	6/25/2017		Kaylee; engorged; guts, salivary tissue with exoskeleton (no legs or head); flamed tools before guts, salivary tissue not for microbiome		Guts and Salivary glands	4/30/2018	5/24/2018		144			Mammal	No	Two	Mammalia;Didelphimorpha;Didelphidae;Philander;opossum	Other				Yes	Negative	Negative	Negative	No	Negative	Negative	Negative			
D9.P2	D9	Plate-2	145	CHOR1P3	R. pallescens	N4		La Chorrera	Pasture	Canal	6/25/2017		Nina; engorged; bead sterilizer before guts and salivary glands		Guts and Salivary glands	2/19/2018	4/4/2018	1.964	145	39.95		Mammal	No	One	Mammalia;Didelphimorpha;Didelphidae;Philander;opossum					Yes	Single	Positive	Negative	No	Positive	Negative	Tcruzi			
D10.P2	D10	Plate-2	146	CHOR1P3	R. pallescens	N5		La Chorrera	Pasture	Canal	6/25/2017		Nina; disinfected before guts and before salivary glands using bead sterilizer		Guts and Salivary	1/16/2018	4//3/2018	2.157	146	32.985		Mammal	No	One	Mammalia;Didelphimorpha;Didelphidae;Philander;opossum					Yes	Single	Positive	Negative	No	Positive	Negative	Tcruzi			
D11.P2	D11	Plate-2	147	CHOR1P3	R. pallescens	N5		La Chorrera	Pasture	Canal	6/25/2017		Nina; bead sterilizer before guts and salivary glands		Guts and Salivary	1/16/2018	4/3/2018	1.767	147	11.611		Mammal	No	One	Mammalia;Didelphimorpha;Didelphidae;Philander;opossum					Yes	Single	Positive	Negative	No	Positive	Negative	Tcruzi		29 August 2019	
D12.P2	D12	Plate-2	148	CHOR1P3	R. pallescens	N5		La Chorrera	Pasture	Canal	6/25/2017		Nina; bead sterilizer before guts and salivary glands		Guts and Salivary	1/16/2018	4/3/2018	1.493	148	83.963		Mammal	No	One	Mammalia;Didelphimorpha;Didelphidae;Philander;opossum					Yes	Single	Positive	Negative	No	Negative	Negative	Tcruzi			
E1.P2	E1	Plate-2	149	CHOR1P3	R. pallescens	N5		La Chorrera	Pasture	Canal	6/26/2017		Nina; bead sterilizer before guts and salivary glands		Guts and Salivary	1/16/2018	4/3/2018	1.938	149	7.698		Mammal	No	One	Mammalia;Didelphimorpha;Didelphidae;Philander;opossum					Yes	Single	Positive	Negative	No	Positive	Negative	Tcruzi			
E2.P2	E2	Plate-2	150	CHOR1P3	R. pallescens	N3		La Chorrera	Pasture	Canal	6/26/2017		Kaylee; flamed tools before guts, salivary tissue not for microbiome		Guts and Salivary	4/6/2018	5/1/2018		150			Mammal	No	Two	Mammalia;Didelphimorpha;Didelphidae;Philander;opossum	Other				Yes	Negative	Negative	Negative	No	Negative	Negative	Negative			
E3.P2	E3	Plate-2	151	CHOR1P3	R. pallescens	N3		La Chorrera	Pasture	Canal	6/26/2017		Kaylee; guts, salivary tissue; flamed tools before guts and sal tissue		Guts and sailvary glands	5/21/2018	5/24/2018		151			Mammal	Yes	Three	Mammalia;Didelphimorpha;Didelphidae;Philander;opossum	Mammalia;Primate;Hominidae;Homo;sapiens	Mammalia;Rodentia;Muridae;Mus;musculus			Yes	Positive	Positive	Negative	yes	Negative	Negative	Tcruzi		15 January 2020	
E4.P2	E4	Plate-2	152	CHOR1P3	R. pallescens	N2		La Chorrera	Pasture	Canal	6/26/2017		Kaylee; guts, salivary tissue; flamed tools before guts and sal tissue		Guts and sailvary glands	5/21/2018	5/24/2018		152			Mammal	No	Two	Mammalia;Didelphimorpha;Didelphidae;Philander;opossum	Mammalia;Rodentia;Muridae;Mus;musculus				Yes	Single	Positive	Negative	No	Negative	Negative	Tcruzi			
E5.P2	E5	Plate-2	153	CHOR1P3	R. pallescens	N1		La Chorrera	Pasture	Canal	6/26/2017		Kaylee; guts, salivary tissue; flamed tools before guts, salivary tissue not for microbiome		Guts and Salivary glands	5/16/2018	5/24/2018		153			Mammal	No	Two	Mammalia;Didelphimorpha;Didelphidae;Philander;opossum	Other				Yes	Single	Positive	Negative	No	Negative	Negative	Tcruzi			
E6.P2	E6	Plate-2	154	CHOR1P3	R. pallescens	N1		La Chorrera	Pasture	Canal	6/26/2017		Kaylee; guts, salivary tissue with exoskeleton (no legs or head); flamed tools before guts, salivary tissue not for microbiome		Guts and Salivary glands	4/30/2018	5/24/2018		154			Mammal	Yes	Two	Mammalia;Didelphimorpha;Didelphidae;Philander;opossum	Mammalia;Primate;Hominidae;Homo;sapiens				Yes	Negative	Negative	Negative	No	Negative	Negative	Negative			
E7.P2	E7	Plate-2	155	CHOR1P3	R. pallescens	N1		La Chorrera	Pasture	Canal	6/26/2017	(labeled as 159 may 18)	dissected?				5/24/2018		155			Mammal	No	Two	Mammalia;Didelphimorpha;Didelphidae;Philander;opossum	Mammalia;Carnivora;Procyonidae;Procyon;lotor				Yes	Negative	Negative	Negative	No	Negative	Negative	Negative			
E8.P2	E8	Plate-2	157	CHOR1P3	R. pallescens	N1		La Chorrera	Pasture	Canal	6/26/2017		Kaylee; guts with exoskelton and sal tissue with exoskeleton; flamed tools before guts, salivary tissue not for microbiome			3/6/2018	5/24/2018		157			Mammal	Yes	Two	Mammalia;Didelphimorpha;Didelphidae;Philander;opossum	Mammalia;Primate;Hominidae;Homo;sapiens				Yes	Negative	Negative	Negative	No	Negative	Negative	Negative			
E9.P2	E9	Plate-2	158	CHOR1P3	R. pallescens	N1		La Chorrera	Pasture	Canal	6/26/2017	(Combine guts?)	dissected twice (5/22/2018)		Guts and Salivary	4/6/2018	5/24/2018		158			Mammal	No	One	Mammalia;Didelphimorpha;Didelphidae;Philander;opossum					Yes	Negative	Negative	Negative	No	Positive	Negative	Negative			
E10.P2	E10	Plate-2	159	CHOR1P3	R. pallescens	N5		La Chorrera	Pasture	Canal	6/25/2017		Nina; autoclaved before guts, bead sterilizer before salivary glands		Guts and Salivary	1/18/2018	4/3/2018	1.855	159	35.014		Mammal	No	One	Mammalia;Didelphimorpha;Didelphidae;Philander;opossum					Yes	Single	Positive	Negative	No	Positive	Negative	Tcruzi			
E11.P2	E11	Plate-2	160	CHOR1P3	R. pallescens	N5		La Chorrera	Pasture	Canal	6/25/2017		Nina; bead sterilizer before guts and salivary glands		Guts and Salivary	1/18/2018	4/3/2018	1.758	160	23.015		Mammal	No	One	Mammalia;Didelphimorpha;Didelphidae;Philander;opossum					Yes	Single	Positive	Negative	No	Positive	Negative	Tcruzi			
E12.P2	E12	Plate-2	161	CHOR1P3	R. pallescens	N4		La Chorrera	Pasture	Canal	6/25/2017		Nina; bead sterilizer before guts and salivary glands		Guts	2/12/2018	4/4/2018	1.896	161	17.073		Mammal	Yes	Three	Mammalia;Didelphimorpha;Didelphidae;Philander;opossum	Mammalia;Rodentia;Muridae;Mus;musculus	Mammalia;Primate;Hominidae;Homo;sapiens			Yes	Negative	Negative	Negative	No	Negative	Negative	Negative			
F1.P2	F1	Plate-2	162	CHOR1P3	R. pallescens	N4		La Chorrera	Pasture	Canal	6/25/2017		Nina; bead sterilizer before guts and salivary glands		Guts and Salivary glands	2/19/2018	4/4/2018	2.004	162	23.007		Mammal	No	One	Mammalia;Didelphimorpha;Didelphidae;Philander;opossum					Yes	Single	Positive	Negative	No	Positive	Negative	Tcruzi			
F2.P2	F2	Plate-2	163	CHOR1P3	R. pallescens	N3		La Chorrera	Pasture	Canal	6/25/2017		Kaylee; engorged; guts, salivary tissue; flamed tools before guts, salivary tissue not for microbiome		Guts and Salivary	4/30/2018	5/24/2018		163			Mammal	No	One	Mammalia;Didelphimorpha;Didelphidae;Philander;opossum					Yes	Negative	Negative	Negative	No	Positive	Negative	Negative			
F3.P2	F3	Plate-2	164	CHOR1P3	R. pallescens	N3		La Chorrera	Pasture	Canal	6/25/2017		Kaylee; engorged; guts, salivary tissue; flamed tools before guts, salivary tissue not for microbiome		Guts and Salivary glands	4/30/2018	5/24/2018		164			Mammal	No	One	Mammalia;Didelphimorpha;Didelphidae;Philander;opossum					Yes	Single	Positive	Negative	No	Negative	Negative	Tcruzi			
F4.P2	F4	Plate-2	165	CHOR1P3	R. pallescens	N3		La Chorrera	Pasture	Canal	6/25/2017		Kaylee; engorged, guts, salivary tissue, tools flamed before guts, sal tissue not for microbiome		Guts and Salivary glands	5/16/2018	5/24/2018		165			Mammal	No	One	Mammalia;Didelphimorpha;Didelphidae;Philander;opossum					Yes	Single	Positive	Negative	No	Negative	Negative	Tcruzi			
F5.P2	F5	Plate-2	166	CHOR1P3	R. pallescens	N3		La Chorrera	Pasture	Canal	6/25/2017		Kaylee; guts, salivary tissue; flamed tools before guts and sal tissue		Guts and sailvary glands	5/22/2018	5/24/2018		166			Reptile	No	Three	Other	Reptilia;Squamata;Gekkonidae;Lepidodactylus;lugubris	Mammalia;Didelphimorpha;Didelphidae;Philander;opossum			Yes	Single	Positive	Negative	No	Negative	Negative	Tcruzi			
F6.P2	F6	Plate-2	167	CHOR1P3	R. pallescens	N1		La Chorrera	Pasture	Canal	6/25/2017		Kaylee; guts with exoskeleton, sal tissue with exoskeleton; autoclaved before guts, salivary tissue not for microbiome		Guts and Salivary glands	4/6/2018	5/1/2018		167			Mammal	No	One	Mammalia;Didelphimorpha;Didelphidae;Philander;opossum					Yes	Negative	Negative	Negative	No	Negative	Negative	Negative			
F7.P2	F7	Plate-2	168	CHOR1P3	R. pallescens	N2		La Chorrera	Pasture	Canal	6/25/2017		Kaylee; guts, salivary tissue; flamed tools before guts and sal tissue		Guts and sailvary glands	5/21/2018	5/24/2018		168			Mammal	No	Two	Other	Mammalia;Didelphimorpha;Didelphidae;Philander;opossum				Yes	Negative	Negative	Negative	No	Negative	Negative	Negative			
F8.P2	F8	Plate-2	169	CHOR1P3	R. pallescens	N1		La Chorrera	Pasture	Canal	6/25/2017		Kaylee; guts, salivary tissue with exoskeleton (no head or legs), tools flamed before guts and sal tissue		Guts and sailvary glands	5/18/2018	5/24/2018		169			Mammal	No	One	Mammalia;Didelphimorpha;Didelphidae;Philander;opossum					Yes	Negative	Negative	Negative	No	Negative	Negative	Negative			
F9.P2	F9	Plate-2	170	CHOR1P3	R. pallescens	N1		La Chorrera	Pasture	Canal	6/25/2017		Kaylee; guts with exoskeleton (no legs) and saliavary tissue with exoskeleton (no legs or head); flamed tools before guts, salivary tissue not for microbiome		Guts and sailvary glands	5/22/2018	5/24/2018		170			Mammal	Yes	Two	Mammalia;Didelphimorpha;Didelphidae;Philander;opossum	Mammalia;Primate;Hominidae;Homo;sapiens				Yes	Negative	Negative	Negative	No	Negative	Negative	Negative			
F10.P2	F10	Plate-2	171	CHOR1P1	R. pallescens	N2		La Chorrera	Pasture	Canal	6/25/2017		Kaylee; guts, salivary tissue; flamed tools before guts and sal tissue		Guts and sailvary glands	5/21/2018	5/24/2018		171			Mammal	Yes	Four	Mammalia;Didelphimorpha;Didelphidae;Philander;opossum	Other	Mammalia;Primate;Hominidae;Homo;sapiens	Mammalia;Cetartiodactyla;Bovidae;Bos;taurus		Yes	Negative	Negative	Negative	No	Negative	Negative	Negative			
F11.P2	F11	Plate-2	172	CHOR1P1	R. pallescens	N3		La Chorrera	Pasture	Canal	6/25/2017		Kaylee; engorged, guts, salivary tissue, flamed tools before guts and salivary tissue		Guts and sailvary glands	5/21/2018	5/24/2018		172			Mammal	No	Two	Other	Mammalia;Didelphimorpha;Didelphidae;Philander;opossum				Yes	Negative	Negative	Negative	No	Negative	Negative	Negative			
F12.P2	F12	Plate-2	173	CHOR1P1	R. pallescens	N3		La Chorrera	Pasture	Canal	6/25/2017		Kaylee; guts, salivary tissue; flamed tools before guts and sal tissue		Guts and Salivary glands	5/18/2018	5/24/2018		173			Mammal	No	Two	Mammalia;Didelphimorpha;Didelphidae;Philander;opossum	Other				Yes	Negative	Negative	Negative	No	Negative	Negative	Negative		29 August 2019	
G1.P2	G1	Plate-2	174	CHOR1P1	R. pallescens	N3		La Chorrera	Pasture	Canal	6/25/2017		Kaylee; guts, salivary tissue, tools flamed before guts, sal tissue not for microbiome		Guts and Salivary glands	5/16/2018	5/24/2018		174			Mammal_Bird	No	Four	Mammalia;Rodentia;Muridae;Mus;musculus	Aves;Passeriformes;Thraupidae;Thraupis;sayaca	Other	Mammalia;Didelphimorpha;Didelphidae;Philander;opossum		Yes	Negative	Negative	Negative	No	Negative	Negative	Negative			
G2.P2	G2	Plate-2	175	CHOR1P1	R. pallescens	Adult		La Chorrera	Pasture	Canal	6/25/2017		Kaylee; autoclaved before guts and bead sterilizer before salivary glands; eggs	Female	Guts and Salivary	1/19/2018	4/4/2018	1.863	175	26.05		Mammal_Bird	No	Four	Mammalia;Rodentia;Muridae;Mus;musculus	Aves;Passeriformes;Thraupidae;Thraupis;sayaca	Other	Mammalia;Didelphimorpha;Didelphidae;Philander;opossum		Yes	Single	Positive	Positive	yes	Positive	Negative	Coinfection			
G3.P2	G3	Plate-2	176	CHOR1P1	R. pallescens	N5		La Chorrera	Pasture	Canal	6/25/2017		Nina; engorged; bead sterilizer before guts and salivary glands		Guts and Salivary	1/19/2018	4/4/2018	2.052	176	60.307		Mammal	No	One	Mammalia;Rodentia;Muridae;Mus;musculus					Yes	Single	Positive	Negative	No	Positive	Negative	Tcruzi		29 August 2019	
G4.P2	G4	Plate-2	177	CHOR1P1	R. pallescens	N3		La Chorrera	Pasture	Canal	6/25/2017		Kaylee; engorged, guts, salivary tissue; flamed tools before guts and sal tissue, abdomen partially ripped		Guts and sailvary glands	5/21/2018	5/24/2018		177			Mammal	No	One	Mammalia;Rodentia;Muridae;Mus;musculus					Yes	Negative	Negative	Negative	No	Negative	Negative	Negative			
G5.P2	G5	Plate-2	178	CHOR1P1	R. pallescens	N3		La Chorrera	Pasture	Canal	6/25/2017		Kaylee; guts, salivary tissue; flamed tools before guts and sal tissue		Guts and sailvary glands	5/22/2018	5/24/2018		178			Other	No	One	Other					Yes	Negative	Negative	Negative	No	Negative	Negative	Negative			
G6.P2	G6	Plate-2	179	CHOR1P1	R. pallescens	N2		La Chorrera	Pasture	Canal	6/25/2017		Kaylee; guts, salivary tissue, tools flamed before guts and sal tissue		Guts and sailvary glands	5/21/2018	5/24/2018		179			Mammal	Yes	Three	Mammalia;Primate;Hominidae;Homo;sapiens	Mammalia;Rodentia;Muridae;Mus;musculus	Mammalia;Didelphimorpha;Didelphidae;Philander;opossum			Yes	Negative	Negative	Negative	No	Negative	Negative	Negative			
G7.P2	G7	Plate-2	180	CHOR1P1	R. pallescens	N3		La Chorrera	Pasture	Canal	6/26/2017		Kaylee; engorged, guts, salivary tissue, tools flamed before guts, sal tissue not for microbiome		Guts and Salivary glands	5/16/2018	5/24/2018		180			Mammal	No	Two	Other	Mammalia;Rodentia;Muridae;Mus;musculus				Yes	Negative	Negative	Negative	No	Negative	Negative	Negative			
G8.P2	G8	Plate-2	181	CHOR1P2	R. pallescens	N2		La Chorrera	Pasture	Canal	6/25/2017		Kaylee; guts, salivary tissue, tools flamed before guts and sal tissue		Guts and sailvary glands	5/21/2018	5/24/2018		181			Mammal_Bird	No	Three	Other	Mammalia;Rodentia;Muridae;Mus;musculus	Aves;Passeriformes;Thraupidae;Thraupis;sayaca			Yes	Negative	Negative	Negative	No	Negative	Negative	Negative			
G9.P2	G9	Plate-2	182	CHOR1P2	R. pallescens	N1		La Chorrera	Pasture	Canal	6/25/2017		Kaylee; guts with exoskeleton (no legs) and saliavary tissue with exoskeleton (no legs or head); flamed tools before guts, salivary tissue not for microbiome		Guts and Salivary glands	4/30/2018	5/24/2018		182			Mammal_Bird	No	Three	Mammalia;Rodentia;Muridae;Mus;musculus	Aves;Passeriformes;Thraupidae;Thraupis;sayaca	Mammalia;Artiodactyla;Cervidae;Odocoileus;virginianus			Yes	Negative	Negative	Negative	No	Negative	Negative	Negative			
G10.P2	G10	Plate-2	184	CHOR1P5	R. pallescens	Adult	Female	La Chorrera	Pasture	Canal	6/25/2017		Nina; one egg found; bead sterilizer before guts and salivary glands	Female	Guts and Salivary	1/19/2018	4/4/2018	2.044	184	79.461		Bird	No	One	Aves;Passeriformes;Thraupidae;Thraupis;sayaca					Yes	Negative	Negative	Negative	No	Negative	Negative	Negative			
G11.P2	G11	Plate-2	185	CHOR1P5	R. pallescens	N1		La Chorrera	Pasture	Canal	6/27/2017		Kaylee; guts, salivary tissue with exoskeleton (no legs or head); flamed tools before guts, salivary tissue not for microbiome		Guts and Salivary Glands	5/16/2018	5/24/2018		185			Mammal_Bird	No	Four	Other	Mammalia;Rodentia;Muridae;Mus;musculus	Mammalia;Didelphimorpha;Didelphidae;Philander;opossum	Aves;Passeriformes;Thraupidae;Thraupis;sayaca		Yes	Negative	Negative	Negative	No	Negative	Negative	Negative			
G12.P2	G12	Plate-2	186	CAM1P17	R. pallescens	N3		Campana	Peridomestic	Canal	7/8/2017		Kaylee; guts, salivary tissue; flamed tools before guts and sal tissue		Guts and sailvary glands	5/21/2018	5/24/2018		186			Mammal	Yes	Two	Mammalia;Primate;Hominidae;Homo;sapiens	Mammalia;Rodentia;Muridae;Mus;musculus				Yes	Single	Positive	Negative	No	Positive	Negative	Tcruzi			
H1.P2	H1	Plate-2	187	CAM2P17	R. pallescens	Adult	Female	Campana	Peridomestic	Canal	7/8/2017		Nina; many eggs found, collected and placed in EtOH in -20; some blood; bead steilizer before guts and salivary glands	Female	Guts and Salivary	1/19/2018	4/4/2018	1.363	187	68.366		Mammal	No	One	Mammalia;Didelphimorpha;Didelphidae;Philander;opossum					Yes	Single	Positive	Negative	No	Positive	Negative	Tcruzi			
H2.P2	H2	Plate-2	188	CAM2P17	R. pallescens	Adult		Campana	Peridomestic	Canal	7/8/2017		Nina; engorged; bead sterilizer before guts and before salivary glands		Guts and Salivary	1/19/2018	4/4/2018	0.511	188	78.724		Mammal	No	One	Mammalia;Didelphimorpha;Didelphidae;Philander;opossum					Yes	Negative	Negative	Negative	No	Negative	Negative	Negative			
H3.P2	H3	Plate-2	189	CAM2P17	R. pallescens	N2		Campana	Peridomestic	Canal	7/8/2017		Kaylee; guts with exoskeleton (no legs) and salivary tissue with exoskeleton (no legs or head); flamed tools before guts, salivary tissue not for microbiome		Guts and Salivary	4/30/2018	5/24/2018		189			Mammal	No	One	Mammalia;Didelphimorpha;Didelphidae;Philander;opossum					Yes	Positive	Positive	Negative	No	Negative	Negative	Tcruzi		15 January 2020	
H4.P2	H4	Plate-2	190	CAM2P17	R. pallescens	N3		Campana	Peridomestic	Canal	7/8/2017		Kaylee; engorged, guts, salivary tissue, tools flamed before guts, sal tissue not for microbiome		Guts and Salivary Glands	5/16/2018	2/24/2018		190			Mammal	Yes	Two	Mammalia;Primate;Hominidae;Homo;sapiens	Mammalia;Didelphimorpha;Didelphidae;Philander;opossum				Yes	Negative	Negative	Negative	No	Negative	Negative	Negative			
H5.P2	H5	Plate-2	191	CAM2P17	R. pallescens	Adult	Female	Campana	Peridomestic	Canal	7/8/2017		Kaylee; engorged, guts, salivary tissue, eggs (collected in buffer), tools flamed befoer guts and salivary tissue	Female	Guts and sailvary glands	5/21/2018	5/24/2018		191			Mammal	No	One	Mammalia;Didelphimorpha;Didelphidae;Philander;opossum					Yes	Negative	Negative	Positive	No	Negative	Single	Trangeli			