#SampleID	PalmID	ESPECIE	ESTADIO	PROCEDENCIA	HABITAT	Region	TypeBM	HumanBM	NumberBM	SingleInf_Tcruzi	Coinfection
#q2:types	categorical	categorical	categorical	categorical	categorical	categorical	categorical	categorical	categorical	categorical	categorical
A1.P1	CC2	R. pallescens	Adult	Cerro Cama	Pasture	Canal	Mammal	Yes	Two	Single	No
A2.P1	CC2	R. pallescens	Adult	Cerro Cama	Pasture	Canal	Bird	No	One	Single	No
A3.P1	CC2	R. pallescens	N3	Cerro Cama	Pasture	Canal	Mammal_Bird	Yes	Three	Negative	No
A4.P1	CC3	R. pallescens	N5	Cerro Cama	Pasture	Canal	Mammal_Bird	Yes	Three	Negative	No
A5.P1	CC3	R. pallescens	N4	Cerro Cama	Pasture	Canal	Mammal	No	One	Negative	No
A6.P1	CC3	R. pallescens	N5	Cerro Cama	Pasture	Canal	Mammal	Yes	Three	Negative	No
A7.P1	CC3	R. pallescens	N4	Cerro Cama	Pasture	Canal	Mammal	Yes	Two	Negative	No
A8.P1	CC3	R. pallescens	N3	Cerro Cama	Pasture	Canal	Other	No	Three	Negative	No
A9.P1	CC3	R. pallescens	N3	Cerro Cama	Pasture	Canal	Bird	No	One	Negative	No
A10.P1	CC3	R. pallescens	N3	Cerro Cama	Pasture	Canal	Mammal	No	Three	Negative	No
A11.P1	CC3	R. pallescens	N2	Cerro Cama	Pasture	Canal	Mammal	Yes	Three	Single	yes
A12.P1	CC3	R. pallescens	N2	Cerro Cama	Pasture	Canal	Mammal	No	Two	Negative	No
B1.P1	CC3	R. pallescens	N1	Cerro Cama	Pasture	Canal	Mammal	Yes	One	Negative	No
B2.P1	CC3	R. pallescens	N1	Cerro Cama	Pasture	Canal	Mammal_Bird	Yes	Four	Negative	No
B3.P1	CC3	R. pallescens	N1	Cerro Cama	Pasture	Canal	Mammal	Yes	Two	Negative	No
B4.P1	CA1P17	R. pallescens	Adult	Capira	Pasture	Canal	Mammal	Yes	One	Negative	No
B5.P1	CA1P17	R. pallescens	N4	Capira	Pasture	Canal	Mammal	Yes	Three	Single	No
B6.P1	CA1P17	R. pallescens	N3	Capira	Pasture	Canal	Mammal	No	One	Negative	No
B7.P1	CA1P17	R. pallescens	N3	Capira	Pasture	Canal	Mammal	Yes	Three	Single	No
B8.P1	CA1P17	R. pallescens	N2	Capira	Pasture	Canal	Other	Yes	Three	Negative	No
B9.P1	CA1P17	R. pallescens	N2	Capira	Pasture	Canal	Mammal	Yes	One	Negative	No
B10.P1	CA1P17	R. pallescens	Adult	Capira	Pasture	Canal	Mammal	No	Two	Negative	No
B11.P1	CA1P17	R. pallescens	N3	Capira	Pasture	Canal	Mammal	Yes	Two	Single	No
B12.P1	CA1P17	R. pallescens	N2	Capira	Pasture	Canal	Bird_Mammal	Yes	Four	Negative	No
C1.P1	CA1P17	R. pallescens	N1	Capira	Pasture	Canal	Mammal	Yes	Two	Negative	No
C2.P1	CA1P17	R. pallescens	N1	Capira	Pasture	Canal	Mammal	Yes	Two	Negative	No
C3.P1	CA1P17	R. pallescens	N1	Capira	Pasture	Canal	Mammal	Yes	Two	Negative	No
C4.P1	CA1P17	R. pallescens	N5	Capira	Pasture	Canal	Mammal	Yes	Two	Negative	No
C5.P1	CA1P17	R. pallescens	N2	Capira	Pasture	Canal	Mammal	No	One	Single	No
C6.P1	CA1P17	R. pallescens	N2	Capira	Pasture	Canal	Mammal	Yes	Four	Negative	No
C7.P1	CA1P17	R. pallescens	N1	Capira	Pasture	Canal	Mammal	Yes	Two	Negative	No
C8.P1	CA3P17	R. pallescens	N2	Capira	Pasture	Canal	Mammal	Yes	Three	Negative	No
C9.P1	CA3P17	R. pallescens	N3	Capira	Pasture	Canal	Mammal	Yes	Three	Negative	No
C10.P1	CA3P17	R. pallescens	N1	Capira	Pasture	Canal	Mammal	Yes	Three	Negative	No
C11.P1	CA3P17	R. pallescens	N1	Capira	Pasture	Canal	Mammal	No	Two	Negative	No
C12.P1	CA3P17	R. pallescens	N1	Capira	Pasture	Canal	Mammal	No	One	Negative	No
D1.P1	CA3P17	R. pallescens	N1	Capira	Pasture	Canal	Mammal	No	Two	Negative	No
D2.P1	CA3P17	R. pallescens	N1	Capira	Pasture	Canal	Mammal_Reptile	No	Two	Negative	No
D3.P1	CA3P17	R. pallescens	N2	Capira	Pasture	Canal	Mammal	No	One	Negative	No
D4.P1	CA3P17	R. pallescens	N2	Capira	Pasture	Canal	Mammal	No	One	Negative	No
D5.P1	CA3P17	R. pallescens	Adult	Capira	Pasture	Canal	Mammal	No	One	Negative	No
D6.P1	CA3P17	R. pallescens	N3	Capira	Pasture	Canal	Mammal	No	One	Negative	No
A1.P2	CA2P16	R. pallescens	Adult	Capira	Peridomestic	Canal	Mammal	Yes	Two	Single	No
D7.P1	CA7P17	R. pallescens	N1	Capira	Pasture	Canal	Mammal	No	Two	Negative	No
D8.P1	CA7P17	R. pallescens	N1	Capira	Pasture	Canal	Other	No	Two	Negative	No
D9.P1	CA7P17	R. pallescens	N1	Capira	Pasture	Canal	Mammal_Bird	Yes	Four	Negative	No
D10.P1	CA7P17	R. pallescens	N1	Capira	Pasture	Canal	Mammal	No	Three	Negative	No
D11.P1	CA7P17	R. pallescens	N1	Capira	Pasture	Canal	Mammal	No	Two	Negative	No
D12.P1	CA7P17	R. pallescens	N1	Capira	Pasture	Canal	Other	No	Two	Negative	No
E1.P1	CA7P17	R. pallescens	N2	Capira	Pasture	Canal	Other	Yes	Three	Negative	No
E2.P1	CA7P17	R. pallescens	N2	Capira	Pasture	Canal	Mammal	Yes	Three	Single	yes
E3.P1	CA7P17	R. pallescens	N2	Capira	Pasture	Canal	Other	No	One	Negative	No
E4.P1	CA7P17	R. pallescens	N2	Capira	Pasture	Canal	Mammal	Yes	Three	Negative	No
E5.P1	CA7P17	R. pallescens	N5	Capira	Pasture	Canal	Mammal	Yes	Three	Single	No
E6.P1	CA7P17	R. pallescens	N5	Capira	Pasture	Canal	Mammal	Yes	Two	Single	No
E7.P1	CA7P17	R. pallescens	N5	Capira	Pasture	Canal	Mammal	No	One	Single	No
E8.P1	CA8P17	R. pallescens	N4	Capira	Pasture	Canal	Other	No	One	Negative	No
E9.P1	CA8P17	R. pallescens	N1	Capira	Pasture	Canal	Mammal	Yes	Four	Negative	No
E10.P1	CA8P17	R. pallescens	N2	Capira	Pasture	Canal	Other	No	One	Negative	No
E11.P1	CA9P17	R. pallescens	N3	Capira	Pasture	Canal	Mammal	No	One	Negative	No
E12.P1	CA9P17	R. pallescens	N3	Capira	Pasture	Canal	Other_Mammal_Bird	No	Three	Negative	No
F1.P1	CA9P17	R. pallescens	N3	Capira	Pasture	Canal	Mammal	Yes	Two	Negative	No
F2.P1	CA9P17	R. pallescens	N5	Capira	Pasture	Canal	Mammal	No	Two	Negative	No
F3.P1	CA11P17	R. pallescens	N4	Capira	Pasture	Canal	Mammal	Yes	One	Negative	No
F4.P1	CA11P17	R. pallescens	N2	Capira	Pasture	Canal	Other	No	One	Negative	No
F5.P1	CA11P17	R. pallescens	N2	Capira	Pasture	Canal	Other	No	One	Negative	No
F6.P1	CA11P17	R. pallescens	N1	Capira	Pasture	Canal	Other	No	One	Negative	No
F7.P1	CA11P17	R. pallescens	N1	Capira	Pasture	Canal	Mammal	Yes	Four	Negative	No
F8.P1	CA11P17	R. pallescens	N1	Capira	Pasture	Canal	Other	Yes	Three	Negative	No
F9.P1	CA11P17	R. pallescens	N1	Capira	Pasture	Canal	Mammal	Yes	Two	Negative	No
F10.P1	Las Pavas	R. pallescens	N3	Las Pavas	Peridomestic	Canal	Other	Yes	Two	Negative	No
F11.P1	LP#2, Capira0217	R. pallescens	Adult	Las Pavas	Peridomestic	Canal	Mammal	No	One	Single	yes
F12.P1	LP#2, Capira0217	R. pallescens	N3	Las Pavas	Peridomestic	Canal	Bird	No	One	Negative	No
G1.P1	LP#3, Capira0317	R. pallescens	N3	Las Pavas	Peridomestic	Canal	Mammal	Yes	Three	Negative	No
G2.P1	LP#3, Capira0317	R. pallescens	Adult	Las Pavas	Peridomestic	Canal	Mammal	No	One	Single	yes
G3.P1	HN1	R. pallescens	N1	La Chorrera	Peridomestic	Canal	Mammal	Yes	Three	Negative	No
G4.P1	HN1	T. dimidiata	N4	La Chorrera	Peridomestic	Canal	Mammal	Yes	Three	Single	No
G5.P1	HN7	R. pallescens	Adult	La Chorrera	Peridomestic	Canal	Mammal	Yes	Three	Single	yes
G6.P1	HN10	R. pallescens	N2	La Chorrera	Peridomestic	Canal	Mammal	No	Two	Negative	No
G7.P1	HN11	R. pallescens	Adult	La Chorrera	Peridomestic	Canal	Mammal	No	One	Single	No
G8.P1	HN11	R. pallescens	N2	La Chorrera	Peridomestic	Canal	Bird_Mammal	No	Four	Negative	No
G9.P1	HN2	R. pallescens	N1	La Chorrera	Peridomestic	Canal	Mammal	Yes	Two	Negative	No
G10.P1	HN2	R. pallescens	N1	La Chorrera	Peridomestic	Canal	Other	No	One	Negative	No
G11.P1	HN2	R. pallescens	N2	La Chorrera	Peridomestic	Canal	Mammal	No	Two	Negative	No
G12.P1	HN5	R. pallescens	N1	La Chorrera	Peridomestic	Canal	Mammal	No	One	Negative	No
H1.P1	HN5	R. pallescens	N2	La Chorrera	Peridomestic	Canal	Bird_Mammal	Yes	Two	Negative	No
H2.P1	HN5	R. pallescens	N2	La Chorrera	Peridomestic	Canal	Bird	No	One	Negative	No
H3.P1	HN5	R. pallescens	N2	La Chorrera	Peridomestic	Canal	Mammal_Bird	No	Two	Negative	No
H4.P1	HN5	R. pallescens	N4	La Chorrera	Peridomestic	Canal	Bird	No	One	Negative	No
H5.P1	HN5	R. pallescens	N1	La Chorrera	Peridomestic	Canal	Mammal_Bird	Yes	Three	Negative	No
H6.P1	HN5	R. pallescens	N1	La Chorrera	Peridomestic	Canal	Mammal	Yes	One	Negative	No
H7.P1	HN5	R. pallescens	N1	La Chorrera	Peridomestic	Canal	Mammal_Bird	Yes	Three	Negative	No
H8.P1	HN5	R. pallescens	N2	La Chorrera	Peridomestic	Canal	Bird	No	Two	Negative	No
H9.P1	HN5	R. pallescens	N2	La Chorrera	Peridomestic	Canal	Other	No	One	Negative	No
H10.P1	HN5	R. pallescens	N2	La Chorrera	Peridomestic	Canal	Other	No	One	Negative	No
H11.P1	HN5	R. pallescens	N2	La Chorrera	Peridomestic	Canal	Mammal_Bird	Yes	Three	Negative	No
H12.P1	HN5	R. pallescens	N3	La Chorrera	Peridomestic	Canal	Bird	No	One	Negative	No
A2.P2	HN3	R. pallescens	Adult	La Chorrera	Peridomestic	Canal	Mammal	Yes	Three	Single	No
A3.P2	HN3	R. pallescens	N1	La Chorrera	Peridomestic	Canal	Mammal	Yes	Four	Negative	No
A4.P2	HN3	R. pallescens	N1	La Chorrera	Peridomestic	Canal	Mammal	Yes	Two	Negative	NA
A5.P2	HN3	R. pallescens	N1	La Chorrera	Peridomestic	Canal	Mammal	Yes	Two	Single	No
A6.P2	HN3	R. pallescens	N1	La Chorrera	Peridomestic	Canal	Mammal	Yes	Three	Negative	No
A7.P2	HN3	R. pallescens	N3	La Chorrera	Peridomestic	Canal	Mammal	Yes	Two	Negative	No
A8.P2	HN3	R. pallescens	Adult	La Chorrera	Peridomestic	Canal	Mammal	Yes	Three	Single	No
A9.P2	HN3	R. pallescens	Adult	La Chorrera	Peridomestic	Canal	Mammal	Yes	Two	Single	No
A10.P2	HN9	R. pallescens	Adult	La Chorrera	Peridomestic	Canal	Mammal	Yes	One	Single	No
A11.P2	HN9	R. pallescens	N5	La Chorrera	Peridomestic	Canal	Mammal	Yes	Three	Single	No
A12.P2	HN9	R. pallescens	N3	La Chorrera	Peridomestic	Canal	Mammal	No	One	Single	No
B1.P2	HN9	R. pallescens	N3	La Chorrera	Peridomestic	Canal	Bird_Mammal	No	Two	Negative	No
B2.P2	HN9	R. pallescens	N2	La Chorrera	Peridomestic	Canal	Mammal	Yes	Two	Negative	No
B3.P2	HN9	R. pallescens	N2	La Chorrera	Peridomestic	Canal	Mammal	No	One	Negative	No
B4.P2	HN9	R. pallescens	N1	La Chorrera	Peridomestic	Canal	Mammal	Yes	Two	Positive	NA
B5.P2	HN9	R. pallescens	N5	La Chorrera	Peridomestic	Canal	Mammal	No	One	Single	No
B6.P2	HN9	R. pallescens	N3	La Chorrera	Peridomestic	Canal	Mammal	No	One	Negative	yes
B7.P2	HN9	R. pallescens	N3	La Chorrera	Peridomestic	Canal	Mammal_Bird	No	Two	Single	No
B8.P2	HN9	R. pallescens	N3	La Chorrera	Peridomestic	Canal	Mammal	No	One	Single	yes
B9.P2	HN9	R. pallescens	N5	La Chorrera	Peridomestic	Canal	Mammal	No	One	Single	No
B10.P2	HN9	R. pallescens	N2	La Chorrera	Peridomestic	Canal	Mammal_Bird	No	Two	Negative	No
B11.P2	HN9	R. pallescens	N2	La Chorrera	Peridomestic	Canal	Mammal	No	One	Negative	yes
B12.P2	HN9	R. pallescens	N2	La Chorrera	Peridomestic	Canal	Mammal	No	One	Single	yes
C1.P2	HN9	R. pallescens	N1	La Chorrera	Peridomestic	Canal	Mammal_Bird	Yes	Four	Negative	No
C2.P2	HN9	R. pallescens	N2	La Chorrera	Peridomestic	Canal	Mammal_Bird	No	Two	Single	yes
C3.P2	HN9	R. pallescens	N2	La Chorrera	Peridomestic	Canal	Mammal_Bird	No	Three	Negative	No
C4.P2	HN9	R. pallescens	N2	La Chorrera	Peridomestic	Canal	Mammal	No	One	Single	yes
C5.P2	HN9	R. pallescens	N2	La Chorrera	Peridomestic	Canal	Mammal_Bird	No	Two	Single	No
C6.P2	HN9	R. pallescens	N3	La Chorrera	Peridomestic	Canal	Mammal_Bird	No	Two	Single	No
C7.P2	HN9	R. pallescens	N3	La Chorrera	Peridomestic	Canal	Mammal_Bird	Yes	Four	Single	No
C8.P2	CHOR1P4	R. pallescens	N3	La Chorrera	Pasture	Canal	Mammal_Bird	No	Two	Negative	No
C9.P2	CHOR1P6	R. pallescens	N5	La Chorrera	Pasture	Canal	Bird	No	One	Negative	No
C10.P2	CHOR1P6	R. pallescens	N3	La Chorrera	Pasture	Canal	Bird	No	One	Negative	No
C11.P2	CHOR1P6	R. pallescens	N2	La Chorrera	Pasture	Canal	Mammal_Bird	No	Two	Negative	No
C12.P2	CAM1P17	R. pallescens	Adult	Campana	Peridomestic	Canal	Mammal	No	One	Single	yes
D1.P2	CAM1P17	R. pallescens	N3	Campana	Peridomestic	Canal	Mammal	No	One	Single	No
D2.P2	CAM1P17	R. pallescens	N2	Campana	Peridomestic	Canal	Mammal	No	Two	Single	No
D3.P2	CAM1P17	R. pallescens	N2	Campana	Peridomestic	Canal	Mammal	Yes	Four	Positive	yes
D4.P2	CAM1P17	R. pallescens	N2	Campana	Peridomestic	Canal	Mammal	No	One	Negative	No
D5.P2	CAM1P17	R. pallescens	N2	Campana	Peridomestic	Canal	Mammal	No	Two	Negative	No
D6.P2	CAM2P17	R. pallescens	Adult	Campana	Peridomestic	Canal	Mammal	No	Two	Single	yes
D7.P2	CAM2P17	R. pallescens	Adult	Campana	Peridomestic	Canal	Mammal	No	Two	Single	yes
D8.P2	CHOR1P3	R. pallescens	N2	La Chorrera	Pasture	Canal	Mammal	No	Two	Negative	No
D9.P2	CHOR1P3	R. pallescens	N4	La Chorrera	Pasture	Canal	Mammal	No	One	Single	No
D10.P2	CHOR1P3	R. pallescens	N5	La Chorrera	Pasture	Canal	Mammal	No	One	Single	No
D11.P2	CHOR1P3	R. pallescens	N5	La Chorrera	Pasture	Canal	Mammal	No	One	Single	No
D12.P2	CHOR1P3	R. pallescens	N5	La Chorrera	Pasture	Canal	Mammal	No	One	Single	No
E1.P2	CHOR1P3	R. pallescens	N5	La Chorrera	Pasture	Canal	Mammal	No	One	Single	No
E2.P2	CHOR1P3	R. pallescens	N3	La Chorrera	Pasture	Canal	Mammal	No	Two	Negative	No
E3.P2	CHOR1P3	R. pallescens	N3	La Chorrera	Pasture	Canal	Mammal	Yes	Three	Positive	yes
E4.P2	CHOR1P3	R. pallescens	N2	La Chorrera	Pasture	Canal	Mammal	No	Two	Single	No
E5.P2	CHOR1P3	R. pallescens	N1	La Chorrera	Pasture	Canal	Mammal	No	Two	Single	No
E6.P2	CHOR1P3	R. pallescens	N1	La Chorrera	Pasture	Canal	Mammal	Yes	Two	Negative	No
E7.P2	CHOR1P3	R. pallescens	N1	La Chorrera	Pasture	Canal	Mammal	No	Two	Negative	No
E8.P2	CHOR1P3	R. pallescens	N1	La Chorrera	Pasture	Canal	Mammal	Yes	Two	Negative	No
E9.P2	CHOR1P3	R. pallescens	N1	La Chorrera	Pasture	Canal	Mammal	No	One	Negative	No
E10.P2	CHOR1P3	R. pallescens	N5	La Chorrera	Pasture	Canal	Mammal	No	One	Single	No
E11.P2	CHOR1P3	R. pallescens	N5	La Chorrera	Pasture	Canal	Mammal	No	One	Single	No
E12.P2	CHOR1P3	R. pallescens	N4	La Chorrera	Pasture	Canal	Mammal	Yes	Three	Negative	No
F1.P2	CHOR1P3	R. pallescens	N4	La Chorrera	Pasture	Canal	Mammal	No	One	Single	No
F2.P2	CHOR1P3	R. pallescens	N3	La Chorrera	Pasture	Canal	Mammal	No	One	Negative	No
F3.P2	CHOR1P3	R. pallescens	N3	La Chorrera	Pasture	Canal	Mammal	No	One	Single	No
F4.P2	CHOR1P3	R. pallescens	N3	La Chorrera	Pasture	Canal	Mammal	No	One	Single	No
F5.P2	CHOR1P3	R. pallescens	N3	La Chorrera	Pasture	Canal	Reptile	No	Three	Single	No
F6.P2	CHOR1P3	R. pallescens	N1	La Chorrera	Pasture	Canal	Mammal	No	One	Negative	No
F7.P2	CHOR1P3	R. pallescens	N2	La Chorrera	Pasture	Canal	Mammal	No	Two	Negative	No
F8.P2	CHOR1P3	R. pallescens	N1	La Chorrera	Pasture	Canal	Mammal	No	One	Negative	No
F9.P2	CHOR1P3	R. pallescens	N1	La Chorrera	Pasture	Canal	Mammal	Yes	Two	Negative	No
F10.P2	CHOR1P1	R. pallescens	N2	La Chorrera	Pasture	Canal	Mammal	Yes	Four	Negative	No
F11.P2	CHOR1P1	R. pallescens	N3	La Chorrera	Pasture	Canal	Mammal	No	Two	Negative	No
F12.P2	CHOR1P1	R. pallescens	N3	La Chorrera	Pasture	Canal	Mammal	No	Two	Negative	No
G1.P2	CHOR1P1	R. pallescens	N3	La Chorrera	Pasture	Canal	Mammal_Bird	No	Four	Negative	No
G2.P2	CHOR1P1	R. pallescens	Adult	La Chorrera	Pasture	Canal	Mammal_Bird	No	Four	Single	yes
G3.P2	CHOR1P1	R. pallescens	N5	La Chorrera	Pasture	Canal	Mammal	No	One	Single	No
G4.P2	CHOR1P1	R. pallescens	N3	La Chorrera	Pasture	Canal	Mammal	No	One	Negative	No
G5.P2	CHOR1P1	R. pallescens	N3	La Chorrera	Pasture	Canal	Other	No	One	Negative	No
G6.P2	CHOR1P1	R. pallescens	N2	La Chorrera	Pasture	Canal	Mammal	Yes	Three	Negative	No
G7.P2	CHOR1P1	R. pallescens	N3	La Chorrera	Pasture	Canal	Mammal	No	Two	Negative	No
G8.P2	CHOR1P2	R. pallescens	N2	La Chorrera	Pasture	Canal	Mammal_Bird	No	Three	Negative	No
G9.P2	CHOR1P2	R. pallescens	N1	La Chorrera	Pasture	Canal	Mammal_Bird	No	Three	Negative	No
G10.P2	CHOR1P5	R. pallescens	Adult	La Chorrera	Pasture	Canal	Bird	No	One	Negative	No
G11.P2	CHOR1P5	R. pallescens	N1	La Chorrera	Pasture	Canal	Mammal_Bird	No	Four	Negative	No
G12.P2	CAM1P17	R. pallescens	N3	Campana	Peridomestic	Canal	Mammal	Yes	Two	Single	No
H1.P2	CAM2P17	R. pallescens	Adult	Campana	Peridomestic	Canal	Mammal	No	One	Single	No
H2.P2	CAM2P17	R. pallescens	Adult	Campana	Peridomestic	Canal	Mammal	No	One	Negative	No
H3.P2	CAM2P17	R. pallescens	N2	Campana	Peridomestic	Canal	Mammal	No	One	Positive	No
H4.P2	CAM2P17	R. pallescens	N3	Campana	Peridomestic	Canal	Mammal	Yes	Two	Negative	No
H5.P2	CAM2P17	R. pallescens	Adult	Campana	Peridomestic	Canal	Mammal	No	One	Negative	No
H6.P2	SF1	T. dimidiata	Adult	Veraguas	Peridomestic	Veraguas	Mammal	No	One	Single	No
H7.P2	SF1	T. dimidiata	Adult	Veraguas	Peridomestic	Veraguas	Mammal	No	One	Single	No
H8.P2	SF1	T. dimidiata	N4	Veraguas	Peridomestic	Veraguas	Mammal	No	One	Single	No
H9.P2	SF1	T. dimidiata	Adult	Veraguas	Peridomestic	Veraguas	Mammal	No	One	Single	yes
H10.P2	SF1	R. pallescens	Adult	Veraguas	Peridomestic	Veraguas	Bird_Mammal	Yes	Two	Single	yes
H11.P2	SF1	R. pallescens	Adult	Veraguas	Peridomestic	Veraguas	Mammal	No	Two	Single	yes
H12.P2	SF1	R. pallescens	Adult	Veraguas	Peridomestic	Veraguas	Mammal	Yes	Three	Single	No
A1.P3	SF2	R. pallescens	Adult	Veraguas	Pasture	Veraguas	Mammal	No	Two	Single	NA
A2.P3	SF3	R. pallescens	N5	Veraguas	Pasture	Veraguas	Mammal	Yes	Two	Single	No
A3.P3	SF3	R. pallescens	N5	Veraguas	Pasture	Veraguas	Mammal_Bird	No	Three	Single	No
A4.P3	SF3	R. pallescens	N3	Veraguas	Pasture	Veraguas	Mammal	Yes	Four	Negative	No
A5.P3	SF3	R. pallescens	N2	Veraguas	Pasture	Veraguas	Mammal	Yes	Three	Negative	No
A6.P3	SF3	R. pallescens	N1	Veraguas	Pasture	Veraguas	Mammal	Yes	Four	Negative	No
A7.P3	SF4	R. pallescens	N4	Veraguas	Pasture	Veraguas	Mammal	No	Two	Negative	No
A8.P3	SF4	R. pallescens	N2	Veraguas	Pasture	Veraguas	Mammal_Bird	Yes	Three	Negative	No
A9.P3	SF4	R. pallescens	N2	Veraguas	Pasture	Veraguas	Mammal	No	Two	Negative	No
A10.P3	SF4	R. pallescens	N2	Veraguas	Pasture	Veraguas	Mammal	No	Two	Single	No
A11.P3	SF4	R. pallescens	N1	Veraguas	Pasture	Veraguas	Mammal	Yes	Two	Single	No
.P3	SF6	R. pallescens	N5	Veraguas	Pasture	Veraguas	NA	NA	NA	NA	NA
A12.P3	SF9	R. pallescens	Adult	Veraguas	Pasture	Veraguas	Mammal	Yes	Four	Single	NA
B1.P3	SF9	R. pallescens	Adult	Veraguas	Pasture	Veraguas	Mammal	No	One	Single	yes
B2.P3	SF9	R. pallescens	Adult	Veraguas	Pasture	Veraguas	Mammal	No	Two	Single	No
B3.P3	SF9	R. pallescens	Adult	Veraguas	Pasture	Veraguas	Mammal	No	Two	Single	yes
B4.P3	SF9	R. pallescens	N4	Veraguas	Pasture	Veraguas	Mammal	No	One	Single	yes
B5.P3	SF9	R. pallescens	N5	Veraguas	Pasture	Veraguas	Mammal	No	One	Single	yes
B6.P3	SF9	R. pallescens	N3	Veraguas	Pasture	Veraguas	Mammal	No	One	Single	NA
B7.P3	SF9	R. pallescens	N3	Veraguas	Pasture	Veraguas	Mammal	No	Two	Single	yes
B8.P3	SF9	R. pallescens	N3	Veraguas	Pasture	Veraguas	Mammal	No	Two	Single	No
B9.P3	SF9	R. pallescens	N3	Veraguas	Pasture	Veraguas	Mammal	Yes	Three	Single	No
B10.P3	SF9	T. dimidiata	Adult	Veraguas	Pasture	Veraguas	Mammal	No	One	Single	No
B11.P3	SF9	T. dimidiata	N4	Veraguas	Pasture	Veraguas	Mammal	No	Two	Single	No
B12.P3	SF9	T. dimidiata	Adult	Veraguas	Pasture	Veraguas	Mammal	No	One	Single	No
C1.P3	SF9	T. dimidiata	Adult	Veraguas	Pasture	Veraguas	Mammal	No	Two	Single	No
C2.P3	SF10	R. pallescens	Adult	Veraguas	Forest	Veraguas	Mammal	Yes	Three	Single	NA
C3.P3	SF10	R. pallescens	Adult	Veraguas	Forest	Veraguas	Mammal	No	Two	Single	NA
C4.P3	SF10	R. pallescens	Adult	Veraguas	Forest	Veraguas	Mammal_Bird	No	Three	Single	No
C5.P3	SF10	R. pallescens	N5	Veraguas	Forest	Veraguas	Mammal	No	Two	Single	yes
C6.P3	SF10	R. pallescens	N5	Veraguas	Forest	Veraguas	Mammal	Yes	Three	Single	No
C7.P3	SF10	R. pallescens	N5	Veraguas	Forest	Veraguas	Mammal	Yes	Three	Single	No
C8.P3	SF10	R. pallescens	N1	Veraguas	Forest	Veraguas	Mammal	Yes	Three	Negative	No
C9.P3	SF10	R. pallescens	N4	Veraguas	Forest	Veraguas	Mammal	No	Two	Single	No
C10.P3	SF10	R. pallescens	N3	Veraguas	Forest	Veraguas	Mammal	No	Two	Single	No
C11.P3	SF10	R. pallescens	N2	Veraguas	Forest	Veraguas	Mammal	Yes	Three	Single	yes
C12.P3	SF10	R. pallescens	N2	Veraguas	Forest	Veraguas	Mammal_Bird	No	Four	Single	yes
D1.P3	SF12	R. pallescens	Adult	Veraguas	Peridomestic	Veraguas	Mammal	No	Two	Single	NA
D2.P3	SF12	R. pallescens	Adult	Veraguas	Peridomestic	Veraguas	Mammal	No	Two	Single	yes
D3.P3	SF12	R. pallescens	Adult	Veraguas	Peridomestic	Veraguas	Mammal	Yes	Three	Single	NA
D4.P3	SF12	R. pallescens	Adult	Veraguas	Peridomestic	Veraguas	Mammal	No	One	Single	yes
D5.P3	SF12	R. pallescens	N5	Veraguas	Peridomestic	Veraguas	Mammal	No	One	Single	NA
D6.P3	SF12	R. pallescens	N5	Veraguas	Peridomestic	Veraguas	Mammal	No	Two	Single	yes
D7.P3	SF12	R. pallescens	N4	Veraguas	Peridomestic	Veraguas	Mammal	No	One	Single	yes
D8.P3	SF12	R. pallescens	N3	Veraguas	Peridomestic	Veraguas	Mammal	No	Two	Single	No
D9.P3	SF12	R. pallescens	N3	Veraguas	Peridomestic	Veraguas	Mammal	Yes	Three	Single	No
D10.P3	SF12	R. pallescens	N3	Veraguas	Peridomestic	Veraguas	Mammal	No	Two	Negative	No
D11.P3	SF12	R. pallescens	N3	Veraguas	Peridomestic	Veraguas	Mammal	No	Two	Negative	No
D12.P3	SF12	R. pallescens	N2	Veraguas	Peridomestic	Veraguas	Mammal_Bird	No	Three	Single	No
E1.P3	SF6	R. pallescens	N1	Veraguas	Pasture	Veraguas	Mammal	Yes	Three	Negative	No
E2.P3	SF6	R. pallescens	N2	Veraguas	Pasture	Veraguas	Mammal_Reptile	No	Two	Negative	No
E3.P3	SF6	R. pallescens	N2	Veraguas	Pasture	Veraguas	Mammal	Yes	Two	Negative	No
E4.P3	SF6	R. pallescens	N2	Veraguas	Pasture	Veraguas	Mammal	Yes	Three	Negative	No
E5.P3	SF6	R. pallescens	N3	Veraguas	Pasture	Veraguas	Mammal_Bird	Yes	Three	Negative	No
E6.P3	SF6	R. pallescens	N3	Veraguas	Pasture	Veraguas	Mammal_Bird	No	Two	Negative	No
E7.P3	SF7	R. pallescens	Adult	Veraguas	Pasture	Veraguas	Mammal_Bird	No	Three	Single	No
E8.P3	SF7	R. pallescens	N5	Veraguas	Pasture	Veraguas	Mammal	Yes	Three	Single	yes
E9.P3	SF7	R. pallescens	N1	Veraguas	Pasture	Veraguas	Mammal	Yes	Two	Negative	No
E10.P3	SF7	R. pallescens	N1	Veraguas	Pasture	Veraguas	Mammal_Bird	Yes	Four	Negative	No
E11.P3	SF8	R. pallescens	Adult	Veraguas	Pasture	Veraguas	Mammal_Bird	Yes	Four	Single	No
E12.P3	SF8	R. pallescens	Adult	Veraguas	Pasture	Veraguas	Mammal	Yes	Two	Single	No
F1.P3	SF8	R. pallescens	Adult	Veraguas	Pasture	Veraguas	Mammal_Bird	Yes	Four	Single	No
F2.P3	SF8	R. pallescens	Adult	Veraguas	Pasture	Veraguas	Mammal	No	Two	Single	No
F3.P3	SF8	R. pallescens	N2	Veraguas	Pasture	Veraguas	Mammal_Bird	Yes	Four	Single	No
F4.P3	SF8	R. pallescens	N1	Veraguas	Pasture	Veraguas	Mammal	Yes	Three	Negative	No
F5.P3	SF8	R. pallescens	N1	Veraguas	Pasture	Veraguas	Mammal_Bird	No	Three	Negative	No
F6.P3	SF8	R. pallescens	N1	Veraguas	Pasture	Veraguas	Mammal_Bird	No	Two	Negative	No
F7.P3	SF8	R. pallescens	N1	Veraguas	Pasture	Veraguas	Mammal_Reptile	Yes	Three	Negative	No
F8.P3	SF8	R. pallescens	N1	Veraguas	Pasture	Veraguas	Mammal	Yes	Two	Positive	No
F9.P3	SF8	R. pallescens	N1	Veraguas	Pasture	Veraguas	Mammal	Yes	Two	Negative	No
F10.P3	SF8	R. pallescens	N1	Veraguas	Pasture	Veraguas	Mammal_Bird	Yes	Three	Negative	No
F11.P3	SF8	R. pallescens	N1	Veraguas	Pasture	Veraguas	Mammal	Yes	Two	Single	No
F12.P3	SF8	R. pallescens	N1	Veraguas	Pasture	Veraguas	Mammal	Yes	Two	Negative	No
G1.P3	SF8	R. pallescens	N1	Veraguas	Pasture	Veraguas	Mammal	Yes	Three	Negative	NA
G2.P3	SF8	R. pallescens	N1	Veraguas	Pasture	Veraguas	Mammal	Yes	Two	Negative	NA
G3.P3	SF11	R. pallescens	Adult	Veraguas	Peridomestic	Veraguas	Mammal	No	Two	Negative	NA
G4.P3	SF11	R. pallescens	Adult	Veraguas	Peridomestic	Veraguas	Mammal	No	Two	Single	NA
G5.P3	SF11	R. pallescens	Adult	Veraguas	Peridomestic	Veraguas	Mammal	No	Two	Single	No
G6.P3	SF11	R. pallescens	Adult	Veraguas	Peridomestic	Veraguas	Mammal	No	Two	Single	No
G7.P3	SF11	R. pallescens	N1	Veraguas	Peridomestic	Veraguas	Mammal	No	Three	Single	No
G8.P3	SF11	R. pallescens	N1	Veraguas	Peridomestic	Veraguas	Mammal	Yes	Three	Negative	No
G9.P3	SF11	R. pallescens	N1	Veraguas	Peridomestic	Veraguas	Mammal_Bird	No	Three	Negative	No
G10.P3	SF11	R. pallescens	N1	Veraguas	Peridomestic	Veraguas	Mammal_Bird	No	Three	Negative	No
G11.P3	SF11	R. pallescens	Adult	Veraguas	Peridomestic	Veraguas	Mammal	Yes	Three	Negative	No
G12.P3	SF11	R. pallescens	Adult	Veraguas	Peridomestic	Veraguas	Mammal	No	One	Single	No
H1.P3	SF11	R. pallescens	Adult	Veraguas	Peridomestic	Veraguas	Mammal	No	Two	Single	yes
H2.P3	SF11	R. pallescens	N1	Veraguas	Peridomestic	Veraguas	Mammal	Yes	Four	Negative	No
H3.P3	SF11	R. pallescens	N1	Veraguas	Peridomestic	Veraguas	Mammal	Yes	Four	Negative	No
H4.P3	SF11	R. pallescens	N1	Veraguas	Peridomestic	Veraguas	Mammal	No	Three	Negative	No
H5.P3	SF11	R. pallescens	N1	Veraguas	Peridomestic	Veraguas	Mammal	Yes	Three	Negative	No
H6.P3	SF11	R. pallescens	N1	Veraguas	Peridomestic	Veraguas	Mammal	Yes	Four	Negative	No
H7.P3	SF11	R. pallescens	N1	Veraguas	Peridomestic	Veraguas	Mammal	No	Three	Negative	No
H8.P3	SF11	R. pallescens	N1	Veraguas	Peridomestic	Veraguas	Mammal	No	Three	Negative	No
H9.P3	SF14	R. pallescens	Adult	Veraguas	Forest	Veraguas	Mammal	No	Two	Negative	No
H10.P3	SF15	T. dimidiata	Adult	Veraguas	Forest	Veraguas	Mammal_Bird	No	Three	Negative	No
H11.P3	SF15	T. dimidiata	Adult	Veraguas	Forest	Veraguas	Mammal	Yes	Four	Single	No
H12.P3	SF15	T. dimidiata	N3	Veraguas	Forest	Veraguas	Mammal	No	Two	Single	No
A1.P4	SF15	T. dimidiata	N3	Veraguas	Forest	Veraguas	Mammal	Yes	Four	Single	No
A2.P4	SF15	R. pallescens	Adult	Veraguas	Forest	Veraguas	Mammal	Yes	Five	Single	No
A3.P4	SF15	R. pallescens	Adult	Veraguas	Forest	Veraguas	Mammal	Yes	Three	Negative	No
A4.P4	SF15	R. pallescens	Adult	Veraguas	Forest	Veraguas	Mammal	No	Three	Single	yes
A5.P4	SF15	R. pallescens	N4	Veraguas	Forest	Veraguas	Mammal	Yes	Three	Single	yes
A6.P4	SF15	R. pallescens	N3	Veraguas	Forest	Veraguas	Mammal	Yes	Three	Negative	yes
A7.P4	SF15	R. pallescens	N3	Veraguas	Forest	Veraguas	Mammal	Yes	Two	Negative	yes
A8.P4	SF15	R. pallescens	N3	Veraguas	Forest	Veraguas	Mammal	Yes	Three	Negative	yes
A9.P4	SF15	R. pallescens	N3	Veraguas	Forest	Veraguas	Mammal	Yes	Four	Positive	No
A10.P4	SF15	R. pallescens	N3	Veraguas	Forest	Veraguas	Mammal	Yes	Three	Negative	yes
A11.P4	SF15	R. pallescens	N3	Veraguas	Forest	Veraguas	Mammal	Yes	Three	Single	yes
A12.P4	SF15	R. pallescens	N3	Veraguas	Forest	Veraguas	Mammal	Yes	Three	Negative	No
B1.P4	SF15	R. pallescens	N2	Veraguas	Forest	Veraguas	Mammal	Yes	Four	Negative	No
B2.P4	Lab01	R. pallescens	Adult	Univ. de Panama	Lab	NA	Mammal	No	NA	NA	NA
B3.P4	Lab02	R. pallescens	Adult	Univ. de Panama	Lab	NA	Mammal	No	NA	NA	NA
B4.P4	Lab03	R. pallescens	Adult	Univ. de Panama	Lab	NA	Mammal	No	NA	NA	NA
B5.P4	Lab04	R. pallescens	Adult	Univ. de Panama	Lab	NA	Mammal	No	NA	NA	NA
B6.P4	Lab05	R. pallescens	Adult	Univ. de Panama	Lab	NA	Mammal	No	NA	NA	NA
B7.P4	Lab06	R. pallescens	N5	Univ. de Panama	Lab	NA	Mammal	No	NA	NA	NA
B8.P4	Lab07	R. pallescens	N5	Univ. de Panama	Lab	NA	Mammal	No	NA	NA	NA
B9.P4	Lab08	R. pallescens	N5	Univ. de Panama	Lab	NA	Mammal	Yes	NA	NA	NA
B10.P4	Lab09	R. pallescens	N5	Univ. de Panama	Lab	NA	Mammal	No	NA	NA	NA
B11.P4	Lab10	R. pallescens	N5	Univ. de Panama	Lab	NA	Mammal	No	NA	NA	NA
B12.P4	Lab11	R. pallescens	N4	Univ. de Panama	Lab	NA	Mammal	No	NA	NA	NA
C1.P4	Lab12	R. pallescens	N4	Univ. de Panama	Lab	NA	Mammal	No	NA	NA	NA
C2.P4	Lab13	R. pallescens	N4	Univ. de Panama	Lab	NA	Mammal	No	NA	NA	NA
C3.P4	Lab14	R. pallescens	N4	Univ. de Panama	Lab	NA	Mammal	No	NA	NA	NA
C4.P4	Lab15	R. pallescens	N4	Univ. de Panama	Lab	NA	Mammal	No	NA	NA	NA
C5.P4	Lab16	R. pallescens	N4	Univ. de Panama	Lab	NA	Mammal	No	NA	NA	NA
C6.P4	Lab17	R. pallescens	Adult	Univ. de Panama	Lab	NA	Mammal	No	NA	NA	NA
C7.P4	Lab18	R. pallescens	Adult	Univ. de Panama	Lab	NA	Mammal	No	NA	NA	NA
C8.P4	Lab19	R. pallescens	Adult	Univ. de Panama	Lab	NA	Mammal	No	NA	NA	NA
C9.P4	Lab20	R. pallescens	Adult	Univ. de Panama	Lab	NA	Mammal	Yes	NA	NA	NA
C10.P4	Lab21	R. pallescens	Adult	Univ. de Panama	Lab	NA	Mammal	No	NA	NA	NA
C11.P4	Lab22	R. pallescens	N3	Univ. de Panama	Lab	NA	Mammal	No	NA	NA	NA
C12.P4	Lab23	R. pallescens	N3	Univ. de Panama	Lab	NA	Mammal	No	NA	NA	NA
D1.P4	Lab24	R. pallescens	N3	Univ. de Panama	Lab	NA	Mammal	No	NA	NA	NA
D2.P4	Lab25	R. pallescens	N3	Univ. de Panama	Lab	NA	Mammal	No	NA	NA	NA
D3.P4	Lab26	R. pallescens	N3	Univ. de Panama	Lab	NA	Mammal	No	NA	NA	NA
D4.P4	Lab28	R. pallescens	N2	Univ. de Panama	Lab	NA	Mammal	No	NA	NA	NA
D5.P4	Lab29	R. pallescens	N2	Univ. de Panama	Lab	NA	Mammal	No	NA	NA	NA
D6.P4	Lab30	R. pallescens	N2	Univ. de Panama	Lab	NA	Mammal	No	NA	NA	NA
D7.P4	Lab31	R. pallescens	N2	Univ. de Panama	Lab	NA	Mammal	No	NA	NA	NA
D8.P4	Lab32	R. pallescens	N2	Univ. de Panama	Lab	NA	Mammal	No	NA	NA	NA
D9.P4	Lab36	R. pallescens	N1	Univ. de Panama	Lab	NA	Mammal	Yes	NA	NA	NA
D10.P4	Lab37	R. pallescens	N1	Univ. de Panama	Lab	NA	Mammal	No	NA	NA	NA
D11.P4	Lab40	R. pallescens	N1	Univ. de Panama	Lab	NA	Mammal	No	NA	NA	NA
D12.P4	Lab41	R. pallescens	N1	Univ. de Panama	Lab	NA	Mammal	Yes	NA	NA	NA
E1.P4	Lab42	R. pallescens	N1	Univ. de Panama	Lab	NA	Mammal	No	NA	NA	NA
F6.P5	Neg	NA	NA	NA	NA	NA	Mammal	No	NA	NA	NA
F7.P5	Neg	NA	NA	NA	NA	NA	Mammal	No	NA	NA	NA
F8.P5	Neg	NA	NA	NA	NA	NA	Mammal	No	NA	NA	NA
F9.P5	Neg	NA	NA	NA	NA	NA	Mammal	Yes	NA	NA	NA
F10.P5	Neg	NA	NA	NA	NA	NA	Mammal	No	NA	NA	NA
F11.P5	Neg	NA	NA	NA	NA	NA	Mammal	No	NA	NA	NA
F12.P5	Neg	NA	NA	NA	NA	NA	Mammal	No	NA	NA	NA
G1.P5	Neg	NA	NA	NA	NA	NA	Mammal_Bird	No	NA	NA	NA
G2.P5	Neg	NA	NA	NA	NA	NA	Mammal	No	NA	NA	NA
G3.P5	Neg	NA	NA	NA	NA	NA	Mammal	No	NA	NA	NA
G4.P5	Neg	NA	NA	NA	NA	NA	Mammal	No	NA	NA	NA
G5.P5	Neg	NA	NA	NA	NA	NA	Mammal	No	NA	NA	NA
G6.P5	Neg	NA	NA	NA	NA	NA	Mammal	No	NA	NA	NA
G7.P5	Neg	NA	NA	NA	NA	NA	Mammal	No	Five	NA	NA
Unassigned.P1	NA	NA	NA	NA	NA	NA	NA	NA	NA	NA	NA
Unassigned.P2	NA	NA	NA	NA	NA	NA	NA	NA	NA	NA	NA
Unassigned.P3	NA	NA	NA	NA	NA	NA	NA	NA	NA	NA	NA
Unassigned.P5	NA	NA	NA	NA	NA	NA	NA	NA	NA	NA	NA