PalmID,#SampleID,Sample_Name,ESPECIE,ESTADIO,Age_Group,New_Age_Group,SEXO,PROCEDENCIA,HABITAT,Region,FirstBM,TypeBM,HumanBM,MammalBM,BirdBM,ReptileBM,NumberBM,SecondBM,ThirdBM,FourthBM,FifthBM,TotalBM,PCR_RESULTS_121_122,SingleInf_Tcruzi,PCR_RESULTS_duplex_Trangeli,R1_R2_Results_1stRun,R1_R2_GelDate_1stRun,R1_R2_Results_2ndRun,R1_R2_GelDate_2ndRun,Consensus_R1R2_Results,SingleInf_Trangeli,PCR_RESULTS_duplex_Tcruzi,Coinfection,Infection_Type,Location...2,Town,Sampling Dates,Stipe Height (m),Total Height (m),DOM,Lianas,Epiphytes,Surrounding Canopy Cover,# Connected Trees,Fruiting,Fruiting Sex,Photo?,Habitat_Microhabitat,Method,Location...17
CHOR1P1,F10.P2,171,R. pallescens,N2,N1_N3,N1_N2,NA,La Chorrera,Pasture,La Chorrera,Philander,Mammal,Yes,Yes,No,No,Four,Other,Human,Bos,NA,NA,Negative,Negative,Negative,NA,NA,NA,NA,NA,Negative,Negative,No,Negative,N 08 50.769 W 079 56.250,La Chorrera,24-27 June  2017,3.256,4.8,1,NA,NA,5%,0,N,NA,yes,Pasture,Noireau,La Chorrera
CHOR1P1,G6.P2,179,R. pallescens,N2,N1_N3,N1_N2,NA,La Chorrera,Pasture,La Chorrera,Human,Mammal,Yes,Yes,No,No,Three,Mus,Philander,NA,NA,NA,Negative,Negative,Negative,NA,NA,NA,NA,NA,Negative,Negative,No,Negative,N 08 50.769 W 079 56.250,La Chorrera,24-27 June  2017,3.256,4.8,1,NA,NA,5%,0,N,NA,yes,Pasture,Noireau,La Chorrera
CHOR1P1,G7.P2,180,R. pallescens,N3,N1_N3,N3_Adult,NA,La Chorrera,Pasture,La Chorrera,Other,Mammal,No,Yes,No,No,Two,Mus,NA,NA,NA,NA,Negative,Negative,Negative,NA,NA,NA,NA,NA,Negative,Negative,No,Negative,N 08 50.769 W 079 56.250,La Chorrera,24-27 June  2017,3.256,4.8,1,NA,NA,5%,0,N,NA,yes,Pasture,Noireau,La Chorrera
CHOR1P1,F11.P2,172,R. pallescens,N3,N1_N3,N3_Adult,NA,La Chorrera,Pasture,La Chorrera,Other,Mammal,No,Yes,No,No,Two,Philander,NA,NA,NA,NA,Negative,Negative,Negative,NA,NA,NA,NA,NA,Negative,Negative,No,Negative,N 08 50.769 W 079 56.250,La Chorrera,24-27 June  2017,3.256,4.8,1,NA,NA,5%,0,N,NA,yes,Pasture,Noireau,La Chorrera
CHOR1P1,F12.P2,173,R. pallescens,N3,N1_N3,N3_Adult,NA,La Chorrera,Pasture,La Chorrera,Philander,Mammal,No,Yes,No,No,Two,Other,NA,NA,NA,NA,Negative,Negative,Negative,NA,NA,NA,NA,NA,Negative,Negative,No,Negative,N 08 50.769 W 079 56.250,La Chorrera,24-27 June  2017,3.256,4.8,1,NA,NA,5%,0,N,NA,yes,Pasture,Noireau,La Chorrera
CHOR1P1,G1.P2,174,R. pallescens,N3,N1_N3,N3_Adult,NA,La Chorrera,Pasture,La Chorrera,Mus,Mix,No,Yes,Yes,No,Four,Thraupis,Other,Philander,NA,NA,Negative,Negative,Negative,NA,NA,NA,NA,NA,Negative,Negative,No,Negative,N 08 50.769 W 079 56.250,La Chorrera,24-27 June  2017,3.256,4.8,1,NA,NA,5%,0,N,NA,yes,Pasture,Noireau,La Chorrera
CHOR1P1,G2.P2,175,R. pallescens,Adult,N4_Adult,N3_Adult,TBD,La Chorrera,Pasture,La Chorrera,Mus,Mix,No,Yes,Yes,No,Four,Thraupis,Other,Philander,NA,NA,Positive,Positive,Positive,NA,NA,NA,NA,NA,Negative,Positive,Yes,Coinfection,N 08 50.769 W 079 56.250,La Chorrera,24-27 June  2017,3.256,4.8,1,NA,NA,5%,0,N,NA,yes,Pasture,Noireau,La Chorrera
CHOR1P1,G3.P2,176,R. pallescens,N5,N4_Adult,N3_Adult,NA,La Chorrera,Pasture,La Chorrera,Mus,Mammal,No,Yes,No,No,One,NA,NA,NA,NA,NA,Positive,Positive,Negative,NA,NA,NA,NA,NA,Negative,Positive,No,Tcruzi,N 08 50.769 W 079 56.250,La Chorrera,24-27 June  2017,3.256,4.8,1,NA,NA,5%,0,N,NA,yes,Pasture,Noireau,La Chorrera
CHOR1P1,G4.P2,177,R. pallescens,N3,N1_N3,N3_Adult,NA,La Chorrera,Pasture,La Chorrera,Mus,Mammal,No,Yes,No,No,One,NA,NA,NA,NA,NA,Negative,Negative,Negative,NA,NA,NA,NA,NA,Negative,Negative,No,Negative,N 08 50.769 W 079 56.250,La Chorrera,24-27 June  2017,3.256,4.8,1,NA,NA,5%,0,N,NA,yes,Pasture,Noireau,La Chorrera
CHOR1P1,G5.P2,178,R. pallescens,N3,N1_N3,N3_Adult,NA,La Chorrera,Pasture,La Chorrera,Other,Other,No,No,No,No,One,NA,NA,NA,NA,NA,Negative,Negative,Negative,NA,NA,NA,NA,NA,Negative,Negative,No,Negative,N 08 50.769 W 079 56.250,La Chorrera,24-27 June  2017,3.256,4.8,1,NA,NA,5%,0,N,NA,yes,Pasture,Noireau,La Chorrera
CHOR1P2,G8.P2,181,R. pallescens,N2,N1_N3,N1_N2,NA,La Chorrera,Pasture,La Chorrera,Other,Mix,No,Yes,Yes,No,Three,Mus,Thraupis,NA,NA,NA,Negative,Negative,Negative,NA,NA,NA,NA,NA,Negative,Negative,No,Negative,N 08 50.762 W 079 56.262,La Chorrera,24-27 June  2017,3.468,4.45,3,1,>10,1%,0,y,F,yes,Pasture,Noireau,La Chorrera
CHOR1P2,G9.P2,182,R. pallescens,N1,N1_N3,N1_N2,NA,La Chorrera,Pasture,La Chorrera,Mus,Mix,No,Yes,Yes,No,Three,Thraupis,Odocoileus,NA,NA,NA,Negative,Negative,Negative,NA,NA,NA,NA,NA,Negative,Negative,No,Negative,N 08 50.762 W 079 56.262,La Chorrera,24-27 June  2017,3.468,4.45,3,1,>10,1%,0,y,F,yes,Pasture,Noireau,La Chorrera
CHOR1P3,F4.P2,165,R. pallescens,N3,N1_N3,N3_Adult,NA,La Chorrera,Pasture,La Chorrera,Philander,Mammal,No,Yes,No,No,One,NA,NA,NA,NA,NA,Positive,Positive,Negative,NA,NA,NA,NA,NA,Negative,Negative,No,Tcruzi,N 08 50.760 W 079 56.269,La Chorrera,24-27 June  2017,3.668,4.26,3,NA,NA,20%,2,y,M,yes,Pasture,Noireau,La Chorrera
CHOR1P3,F5.P2,166,R. pallescens,N3,N1_N3,N3_Adult,NA,La Chorrera,Pasture,La Chorrera,Other,Reptile,No,No,No,Yes,Three,Lepidodactylus,Philander,NA,NA,NA,Positive,Positive,Negative,NA,NA,NA,NA,NA,Negative,Negative,No,Tcruzi,N 08 50.760 W 079 56.269,La Chorrera,24-27 June  2017,3.668,4.26,3,NA,NA,20%,2,y,M,yes,Pasture,Noireau,La Chorrera
CHOR1P3,F6.P2,167,R. pallescens,N1,N1_N3,N1_N2,NA,La Chorrera,Pasture,La Chorrera,Philander,Mammal,No,Yes,No,No,One,NA,NA,NA,NA,NA,Negative,Negative,Negative,NA,NA,NA,NA,NA,Negative,Negative,No,Negative,N 08 50.760 W 079 56.269,La Chorrera,24-27 June  2017,3.668,4.26,3,NA,NA,20%,2,y,M,yes,Pasture,Noireau,La Chorrera
CHOR1P3,F7.P2,168,R. pallescens,N2,N1_N3,N1_N2,NA,La Chorrera,Pasture,La Chorrera,Other,Mammal,No,Yes,No,No,Two,Philander,NA,NA,NA,NA,Negative,Negative,Negative,NA,NA,NA,NA,NA,Negative,Negative,No,Negative,N 08 50.760 W 079 56.269,La Chorrera,24-27 June  2017,3.668,4.26,3,NA,NA,20%,2,y,M,yes,Pasture,Noireau,La Chorrera
CHOR1P3,F8.P2,169,R. pallescens,N1,N1_N3,N1_N2,NA,La Chorrera,Pasture,La Chorrera,Philander,Mammal,No,Yes,No,No,One,NA,NA,NA,NA,NA,Negative,Negative,Negative,NA,NA,NA,NA,NA,Negative,Negative,No,Negative,N 08 50.760 W 079 56.269,La Chorrera,24-27 June  2017,3.668,4.26,3,NA,NA,20%,2,y,M,yes,Pasture,Noireau,La Chorrera
CHOR1P3,F9.P2,170,R. pallescens,N1,N1_N3,N1_N2,NA,La Chorrera,Pasture,La Chorrera,Philander,Mammal,Yes,Yes,No,No,Two,Human,NA,NA,NA,NA,Negative,Negative,Negative,NA,NA,NA,NA,NA,Negative,Negative,No,Negative,N 08 50.760 W 079 56.269,La Chorrera,24-27 June  2017,3.668,4.26,3,NA,NA,20%,2,y,M,yes,Pasture,Noireau,La Chorrera
CHOR1P3,E8.P2,157,R. pallescens,N1,N1_N3,N1_N2,NA,La Chorrera,Pasture,La Chorrera,Philander,Mammal,Yes,Yes,No,No,Two,Human,NA,NA,NA,NA,Negative,Negative,Negative,NA,NA,NA,NA,NA,Negative,Negative,No,Negative,N 08 50.760 W 079 56.269,La Chorrera,24-27 June  2017,3.668,4.26,3,NA,NA,20%,2,y,M,yes,Pasture,Noireau,La Chorrera
CHOR1P3,D8.P2,144,R. pallescens,N2,N1_N3,N1_N2,NA,La Chorrera,Pasture,La Chorrera,Philander,Mammal,No,Yes,No,No,Two,Other,NA,NA,NA,NA,Negative,Negative,Negative,NA,NA,NA,NA,NA,Negative,Negative,No,Negative,N 08 50.760 W 079 56.269,La Chorrera,24-27 June  2017,3.668,4.26,3,NA,NA,20%,2,y,M,yes,Pasture,Noireau,La Chorrera
CHOR1P3,E11.P2,160,R. pallescens,N5,N4_Adult,N3_Adult,NA,La Chorrera,Pasture,La Chorrera,Philander,Mammal,No,Yes,No,No,One,NA,NA,NA,NA,NA,Positive,Positive,Negative,NA,NA,NA,NA,NA,Negative,Positive,No,Tcruzi,N 08 50.760 W 079 56.269,La Chorrera,24-27 June  2017,3.668,4.26,3,NA,NA,20%,2,y,M,yes,Pasture,Noireau,La Chorrera
CHOR1P3,E12.P2,161,R. pallescens,N4,N4_Adult,N3_Adult,NA,La Chorrera,Pasture,La Chorrera,Philander,Mammal,Yes,Yes,No,No,Three,Mus,Human,NA,NA,NA,Negative,Negative,Negative,NA,NA,NA,NA,NA,Negative,Negative,No,Negative,N 08 50.760 W 079 56.269,La Chorrera,24-27 June  2017,3.668,4.26,3,NA,NA,20%,2,y,M,yes,Pasture,Noireau,La Chorrera
CHOR1P3,F1.P2,162,R. pallescens,N4,N4_Adult,N3_Adult,NA,La Chorrera,Pasture,La Chorrera,Philander,Mammal,No,Yes,No,No,One,NA,NA,NA,NA,NA,Positive,Positive,Negative,NA,NA,NA,NA,NA,Negative,Positive,No,Tcruzi,N 08 50.760 W 079 56.269,La Chorrera,24-27 June  2017,3.668,4.26,3,NA,NA,20%,2,y,M,yes,Pasture,Noireau,La Chorrera
CHOR1P3,F2.P2,163,R. pallescens,N3,N1_N3,N3_Adult,NA,La Chorrera,Pasture,La Chorrera,Philander,Mammal,No,Yes,No,No,One,NA,NA,NA,NA,NA,Negative,Negative,Negative,NA,NA,NA,NA,NA,Negative,Positive,No,Negative,N 08 50.760 W 079 56.269,La Chorrera,24-27 June  2017,3.668,4.26,3,NA,NA,20%,2,y,M,yes,Pasture,Noireau,La Chorrera
CHOR1P3,F3.P2,164,R. pallescens,N3,N1_N3,N3_Adult,NA,La Chorrera,Pasture,La Chorrera,Philander,Mammal,No,Yes,No,No,One,NA,NA,NA,NA,NA,Positive,Positive,Negative,NA,NA,NA,NA,NA,Negative,Negative,No,Tcruzi,N 08 50.760 W 079 56.269,La Chorrera,24-27 June  2017,3.668,4.26,3,NA,NA,20%,2,y,M,yes,Pasture,Noireau,La Chorrera
CHOR1P3,E2.P2,150,R. pallescens,N3,N1_N3,N3_Adult,NA,La Chorrera,Pasture,La Chorrera,Philander,Mammal,No,Yes,No,No,Two,Other,NA,NA,NA,NA,Negative,Negative,Negative,NA,NA,NA,NA,NA,Negative,Negative,No,Negative,N 08 50.760 W 079 56.269,La Chorrera,24-27 June  2017,3.668,4.26,3,NA,NA,20%,2,y,M,yes,Pasture,Noireau,La Chorrera
CHOR1P3,E3.P2,151,R. pallescens,N3,N1_N3,N3_Adult,NA,La Chorrera,Pasture,La Chorrera,Philander,Mammal,Yes,Yes,No,No,Three,Human,Mus,NA,NA,NA,Positive,Positive,Negative,NA,NA,NA,NA,NA,Negative,Negative,Yes,Tcruzi,N 08 50.760 W 079 56.269,La Chorrera,24-27 June  2017,3.668,4.26,3,NA,NA,20%,2,y,M,yes,Pasture,Noireau,La Chorrera
CHOR1P3,E4.P2,152,R. pallescens,N2,N1_N3,N1_N2,NA,La Chorrera,Pasture,La Chorrera,Philander,Mammal,No,Yes,No,No,Two,Mus,NA,NA,NA,NA,Positive,Positive,Negative,NA,NA,NA,NA,NA,Negative,Negative,No,Tcruzi,N 08 50.760 W 079 56.269,La Chorrera,24-27 June  2017,3.668,4.26,3,NA,NA,20%,2,y,M,yes,Pasture,Noireau,La Chorrera
CHOR1P3,E5.P2,153,R. pallescens,N1,N1_N3,N1_N2,NA,La Chorrera,Pasture,La Chorrera,Philander,Mammal,No,Yes,No,No,Two,Other,NA,NA,NA,NA,Positive,Positive,Negative,NA,NA,NA,NA,NA,Negative,Negative,No,Tcruzi,N 08 50.760 W 079 56.269,La Chorrera,24-27 June  2017,3.668,4.26,3,NA,NA,20%,2,y,M,yes,Pasture,Noireau,La Chorrera
CHOR1P3,E6.P2,154,R. pallescens,N1,N1_N3,N1_N2,NA,La Chorrera,Pasture,La Chorrera,Philander,Mammal,Yes,Yes,No,No,Two,Human,NA,NA,NA,NA,Negative,Negative,Negative,NA,NA,NA,NA,NA,Negative,Negative,No,Negative,N 08 50.760 W 079 56.269,La Chorrera,24-27 June  2017,3.668,4.26,3,NA,NA,20%,2,y,M,yes,Pasture,Noireau,La Chorrera
CHOR1P3,E7.P2,155,R. pallescens,N1,N1_N3,N1_N2,NA,La Chorrera,Pasture,La Chorrera,Philander,Mammal,No,Yes,No,No,Two,Procyon,NA,NA,NA,NA,Negative,Negative,Negative,NA,NA,NA,NA,NA,Negative,Negative,No,Negative,N 08 50.760 W 079 56.269,La Chorrera,24-27 June  2017,3.668,4.26,3,NA,NA,20%,2,y,M,yes,Pasture,Noireau,La Chorrera
CHOR1P3,D10.P2,146,R. pallescens,N5,N4_Adult,N3_Adult,NA,La Chorrera,Pasture,La Chorrera,Philander,Mammal,No,Yes,No,No,One,NA,NA,NA,NA,NA,Positive,Positive,Negative,NA,NA,NA,NA,NA,Negative,Positive,No,Tcruzi,N 08 50.760 W 079 56.269,La Chorrera,24-27 June  2017,3.668,4.26,3,NA,NA,20%,2,y,M,yes,Pasture,Noireau,La Chorrera
CHOR1P3,E9.P2,158,R. pallescens,N1,N1_N3,N1_N2,NA,La Chorrera,Pasture,La Chorrera,Philander,Mammal,No,Yes,No,No,One,NA,NA,NA,NA,NA,Negative,Negative,Negative,NA,NA,NA,NA,NA,Negative,Positive,No,Negative,N 08 50.760 W 079 56.269,La Chorrera,24-27 June  2017,3.668,4.26,3,NA,NA,20%,2,y,M,yes,Pasture,Noireau,La Chorrera
CHOR1P3,E10.P2,159,R. pallescens,N5,N4_Adult,N3_Adult,NA,La Chorrera,Pasture,La Chorrera,Philander,Mammal,No,Yes,No,No,One,NA,NA,NA,NA,NA,Positive,Positive,Negative,NA,NA,NA,NA,NA,Negative,Positive,No,Tcruzi,N 08 50.760 W 079 56.269,La Chorrera,24-27 June  2017,3.668,4.26,3,NA,NA,20%,2,y,M,yes,Pasture,Noireau,La Chorrera
CHOR1P3,D9.P2,145,R. pallescens,N4,N4_Adult,N3_Adult,NA,La Chorrera,Pasture,La Chorrera,Philander,Mammal,No,Yes,No,No,One,NA,NA,NA,NA,NA,Positive,Positive,Negative,NA,NA,NA,NA,NA,Negative,Positive,No,Tcruzi,N 08 50.760 W 079 56.269,La Chorrera,24-27 June  2017,3.668,4.26,3,NA,NA,20%,2,y,M,yes,Pasture,Noireau,La Chorrera
CHOR1P3,D11.P2,147,R. pallescens,N5,N4_Adult,N3_Adult,NA,La Chorrera,Pasture,La Chorrera,Philander,Mammal,No,Yes,No,No,One,NA,NA,NA,NA,NA,Positive,Positive,Negative,NA,NA,NA,NA,NA,Negative,Positive,No,Tcruzi,N 08 50.760 W 079 56.269,La Chorrera,24-27 June  2017,3.668,4.26,3,NA,NA,20%,2,y,M,yes,Pasture,Noireau,La Chorrera
CHOR1P3,D12.P2,148,R. pallescens,N5,N4_Adult,N3_Adult,NA,La Chorrera,Pasture,La Chorrera,Philander,Mammal,No,Yes,No,No,One,NA,NA,NA,NA,NA,Positive,Positive,Negative,NA,NA,NA,NA,NA,Negative,Negative,No,Tcruzi,N 08 50.760 W 079 56.269,La Chorrera,24-27 June  2017,3.668,4.26,3,NA,NA,20%,2,y,M,yes,Pasture,Noireau,La Chorrera
CHOR1P3,E1.P2,149,R. pallescens,N5,N4_Adult,N3_Adult,NA,La Chorrera,Pasture,La Chorrera,Philander,Mammal,No,Yes,No,No,One,NA,NA,NA,NA,NA,Positive,Positive,Negative,NA,NA,NA,NA,NA,Negative,Positive,No,Tcruzi,N 08 50.760 W 079 56.269,La Chorrera,24-27 June  2017,3.668,4.26,3,NA,NA,20%,2,y,M,yes,Pasture,Noireau,La Chorrera
CHOR1P4,C8.P2,132,R. pallescens,N3,N1_N3,N3_Adult,NA,La Chorrera,Pasture,La Chorrera,Philander,Mix,No,Yes,Yes,No,Two,Thraupis,NA,NA,NA,NA,Negative,Negative,Negative,NA,NA,NA,NA,NA,Negative,Negative,No,Tcruzi,N 08 50.755 W 079 56.261,La Chorrera,24-27 June  2017,2.606,3.21,2,2,4,0,0,N,NA,yes,Pasture,Noireau,La Chorrera
CHOR1P5,G11.P2,185,R. pallescens,N1,N1_N3,N1_N2,NA,La Chorrera,Pasture,La Chorrera,Other,Mix,No,Yes,Yes,No,Four,Mus,Philander,Thraupis,NA,NA,Negative,Negative,Negative,NA,NA,NA,NA,NA,Negative,Negative,No,Negative,N 08 50.721 W 079 56.276,La Chorrera,24-27 June  2017,4.636,4.8,2,0,>10,0,0,N,NA,yes,Pasture,Noireau,La Chorrera
CHOR1P5,G10.P2,184,R. pallescens,Adult,N4_Adult,N3_Adult,Female,La Chorrera,Pasture,La Chorrera,Thraupis,Bird,No,No,Yes,No,One,NA,NA,NA,NA,NA,Negative,Negative,Negative,NA,NA,NA,NA,NA,Negative,Negative,No,Negative,N 08 50.721 W 079 56.276,La Chorrera,24-27 June  2017,4.636,4.8,2,0,>10,0,0,N,NA,yes,Pasture,Noireau,La Chorrera
CHOR1P6,C10.P2,134,R. pallescens,N3,N1_N3,N3_Adult,NA,La Chorrera,Pasture,La Chorrera,Thraupis,Bird,No,No,Yes,No,One,NA,NA,NA,NA,NA,Negative,Negative,Negative,NA,NA,NA,NA,NA,Negative,Negative,No,Negative,N 08 50.712 W 079 56.284,La Chorrera,24-27 June  2017,3.236,3.8,1,2,0,3%,0,N,NA,yes,Pasture,Noireau,La Chorrera
CHOR1P6,C11.P2,135,R. pallescens,N2,N1_N3,N1_N2,NA,La Chorrera,Pasture,La Chorrera,Philander,Mix,No,Yes,Yes,No,Two,Thraupis,NA,NA,NA,NA,Negative,Negative,Negative,NA,NA,NA,NA,NA,Negative,Negative,No,Negative,N 08 50.712 W 079 56.284,La Chorrera,24-27 June  2017,3.236,3.8,1,2,0,3%,0,N,NA,yes,Pasture,Noireau,La Chorrera
CHOR1P6,C9.P2,133,R. pallescens,N5,N4_Adult,N3_Adult,NA,La Chorrera,Pasture,La Chorrera,Thraupis,Bird,No,No,Yes,No,One,NA,NA,NA,NA,NA,Negative,Negative,Negative,NA,NA,NA,NA,NA,Negative,Negative,No,Negative,N 08 50.712 W 079 56.284,La Chorrera,24-27 June  2017,3.236,3.8,1,2,0,3%,0,N,NA,yes,Pasture,Noireau,La Chorrera
SF1,H6.P2,192,T. dimidiata,Adult,N4_Adult,N3_Adult,Male,Veraguas,Peridomestic,Veraguas,Philander,Mammal,No,Yes,No,No,One,NA,NA,NA,NA,NA,Positive,Positive,Negative,NA,NA,NA,NA,NA,Negative,Positive,No,Tcruzi,N 08 31.387 W 081 04.378,Santa Fe,8-Jul-17,NA,NA,NA,NA,NA,NA,NA,NA,NA,NA,Peridomestic cerca Forest,Felled,Santa Fe
SF1,H7.P2,193,T. dimidiata,Adult,N4_Adult,N3_Adult,TBD,Veraguas,Peridomestic,Veraguas,Philander,Mammal,No,Yes,No,No,One,NA,NA,NA,NA,NA,Positive,Positive,Negative,NA,NA,NA,NA,NA,Negative,Positive,No,Tcruzi,N 08 31.387 W 081 04.378,Santa Fe,8-Jul-17,NA,NA,NA,NA,NA,NA,NA,NA,NA,NA,Peridomestic cerca Forest,Felled,Santa Fe
SF1,H8.P2,194,T. dimidiata,N4,N4_Adult,N3_Adult,NA,Veraguas,Peridomestic,Veraguas,Philander,Mammal,No,Yes,No,No,One,NA,NA,NA,NA,NA,Positive,Positive,Negative,NA,NA,NA,NA,NA,Negative,Positive,No,Tcruzi,N 08 31.387 W 081 04.378,Santa Fe,8-Jul-17,NA,NA,NA,NA,NA,NA,NA,NA,NA,NA,Peridomestic cerca Forest,Felled,Santa Fe
SF1,H9.P2,195,T. dimidiata,Adult,N4_Adult,N3_Adult,TBD,Veraguas,Peridomestic,Veraguas,Philander,Mammal,No,Yes,No,No,One,NA,NA,NA,NA,NA,Positive,Positive,Positive,NA,NA,NA,NA,NA,Single,Positive,Yes,Coinfection,N 08 31.387 W 081 04.378,Santa Fe,8-Jul-17,NA,NA,NA,NA,NA,NA,NA,NA,NA,NA,Peridomestic cerca Forest,Felled,Santa Fe
SF1,H10.P2,200,R. pallescens,Adult,N4_Adult,N3_Adult,TBD,Veraguas,Peridomestic,Veraguas,Thraupis,Mix,Yes,Yes,Yes,No,Two,Philander,NA,NA,NA,NA,Positive,Positive,Positive,NA,NA,NA,NA,NA,Single,Negative,Yes,Coinfection,N 08 31.387 W 081 04.378,Santa Fe,8-Jul-17,NA,NA,NA,NA,NA,NA,NA,NA,NA,NA,Peridomestic cerca Forest,Felled,Santa Fe
SF1,H11.P2,201,R. pallescens,Adult,N4_Adult,N3_Adult,TBD,Veraguas,Peridomestic,Veraguas,Philander,Mammal,No,Yes,No,No,Two,Procyon,NA,NA,NA,NA,Positive,Positive,Positive,NA,NA,NA,NA,NA,Negative,Positive,Yes,Coinfection,N 08 31.387 W 081 04.378,Santa Fe,8-Jul-17,NA,NA,NA,NA,NA,NA,NA,NA,NA,NA,Peridomestic cerca Forest,Felled,Santa Fe
SF1,H12.P2,202,R. pallescens,Adult,N4_Adult,N3_Adult,TBD,Veraguas,Peridomestic,Veraguas,Philander,Mammal,Yes,Yes,No,No,Three,Human,Mus,NA,NA,NA,Positive,Positive,Negative,NA,NA,NA,NA,NA,Negative,Negative,No,Tcruzi,N 08 31.387 W 081 04.378,Santa Fe,8-Jul-17,NA,NA,NA,NA,NA,NA,NA,NA,NA,NA,Peridomestic cerca Forest,Felled,Santa Fe
SF10,C2.P3,259,R. pallescens,Adult,N4_Adult,N3_Adult,Male,Veraguas,Forest,Veraguas,Heteromys,Mammal,Yes,Yes,No,No,Three,Human,Thraupis,NA,NA,NA,Positive,Positive,NA,NA,NA,NA,NA,NA,NA,NA,NA,Tcruzi,N 08 30.938 W 081 02.756,Santa Fe,10-Jul-17,5.731,9.804,NA,NA,NA,NA,NA,NA,NA,NA,Forest cerca Peridomestic,Felled,Culaco
SF10,C3.P3,260,R. pallescens,Adult,N4_Adult,N3_Adult,TBD,Veraguas,Forest,Veraguas,Didelphis,Mammal,No,Yes,No,No,Two,Heteromys,NA,NA,NA,NA,Positive,Positive,NA,NA,NA,NA,NA,NA,NA,NA,NA,Tcruzi,N 08 30.938 W 081 02.756,Santa Fe,10-Jul-17,5.731,9.804,NA,NA,NA,NA,NA,NA,NA,NA,Forest cerca Peridomestic,Felled,Culaco
SF10,C4.P3,261,R. pallescens,Adult,N4_Adult,N3_Adult,Female,Veraguas,Forest,Veraguas,Heteromys,Mix,No,Yes,Yes,No,Three,Didelphis,Thraupis,NA,NA,NA,Positive,Positive,Negative,NA,NA,NA,NA,NA,NA,Positive,No,Tcruzi,N 08 30.938 W 081 02.756,Santa Fe,10-Jul-17,5.731,9.804,NA,NA,NA,NA,NA,NA,NA,NA,Forest cerca Peridomestic,Felled,Culaco
SF10,C5.P3,262,R. pallescens,N5,N4_Adult,N3_Adult,NA,Veraguas,Forest,Veraguas,Didelphis,Mammal,No,Yes,No,No,Two,Heteromys,NA,NA,NA,NA,Positive,Positive,Positive,NA,NA,NA,NA,NA,NA,Positive,Yes,Coinfection,N 08 30.938 W 081 02.756,Santa Fe,10-Jul-17,5.731,9.804,NA,NA,NA,NA,NA,NA,NA,NA,Forest cerca Peridomestic,Felled,Culaco
SF10,C6.P3,263,R. pallescens,N5,N4_Adult,N3_Adult,NA,Veraguas,Forest,Veraguas,Heteromys,Mammal,Yes,Yes,No,No,Three,Human,Didelphis,NA,NA,NA,Positive,Positive,Negative,NA,NA,NA,NA,NA,NA,Positive,No,Tcruzi,N 08 30.938 W 081 02.756,Santa Fe,10-Jul-17,5.731,9.804,NA,NA,NA,NA,NA,NA,NA,NA,Forest cerca Peridomestic,Felled,Culaco
SF10,C7.P3,264,R. pallescens,N5,N4_Adult,N3_Adult,NA,Veraguas,Forest,Veraguas,Heteromys,Mammal,Yes,Yes,No,No,Three,Human,Didelphis,NA,NA,NA,Positive,Positive,Negative,NA,NA,NA,NA,NA,NA,Positive,No,Tcruzi,N 08 30.938 W 081 02.756,Santa Fe,10-Jul-17,5.731,9.804,NA,NA,NA,NA,NA,NA,NA,NA,Forest cerca Peridomestic,Felled,Culaco
SF10,C8.P3,264.5,R. pallescens,N1,N1_N3,N1_N2,NA,Veraguas,Forest,Veraguas,Heteromys,Mammal,Yes,Yes,No,No,Three,Didelphis,Human,NA,NA,NA,Negative,Negative,Positive,NA,NA,NA,NA,NA,NA,Negative,No,Trangeli,N 08 30.938 W 081 02.756,Santa Fe,10-Jul-17,5.731,9.804,NA,NA,NA,NA,NA,NA,NA,NA,Forest cerca Peridomestic,Felled,Culaco
SF10,C9.P3,265,R. pallescens,N4,N4_Adult,N3_Adult,NA,Veraguas,Forest,Veraguas,Heteromys,Mammal,No,Yes,No,No,Two,Didelphis,NA,NA,NA,NA,Positive,Positive,Negative,NA,NA,NA,NA,NA,NA,Positive,No,Tcruzi,N 08 30.938 W 081 02.756,Santa Fe,10-Jul-17,5.731,9.804,NA,NA,NA,NA,NA,NA,NA,NA,Forest cerca Peridomestic,Felled,Culaco
SF10,C10.P3,266,R. pallescens,N3,N1_N3,N3_Adult,NA,Veraguas,Forest,Veraguas,Heteromys,Mammal,No,Yes,No,No,Two,Didelphis,NA,NA,NA,NA,Positive,Positive,Negative,NA,NA,NA,NA,NA,NA,Positive,No,Tcruzi,N 08 30.938 W 081 02.756,Santa Fe,10-Jul-17,5.731,9.804,NA,NA,NA,NA,NA,NA,NA,NA,Forest cerca Peridomestic,Felled,Culaco
SF10,C11.P3,267,R. pallescens,N2,N1_N3,N1_N2,NA,Veraguas,Forest,Veraguas,Heteromys,Mammal,Yes,Yes,No,No,Three,Human,Other,NA,NA,NA,Positive,Positive,Positive,NA,NA,NA,NA,NA,NA,Negative,Yes,Coinfection,N 08 30.938 W 081 02.756,Santa Fe,10-Jul-17,5.731,9.804,NA,NA,NA,NA,NA,NA,NA,NA,Forest cerca Peridomestic,Felled,Culaco
SF10,C12.P3,268,R. pallescens,N2,N1_N3,N1_N2,NA,Veraguas,Forest,Veraguas,Heteromys,Mix,No,Yes,Yes,No,Four,Thraupis,Piranga,Didelphis,NA,NA,Positive,Positive,Positive,NA,NA,NA,NA,NA,NA,Negative,Yes,Coinfection,N 08 30.938 W 081 02.756,Santa Fe,10-Jul-17,5.731,9.804,NA,NA,NA,NA,NA,NA,NA,NA,Forest cerca Peridomestic,Felled,Culaco
SF11,H5.P3,402,R. pallescens,N1,N1_N3,N1_N2,NA,Veraguas,Peridomestic,Veraguas,Human,Mammal,Yes,Yes,No,No,Three,Heteromys,Didelphis,NA,NA,NA,Negative,Negative,Negative,NA,NA,NA,NA,NA,NA,Negative,No,Negative,N 08 30.98 W 081 03.08,Santa Fe,10-11 Jul 2017,NA,NA,NA,NA,NA,NA,NA,NA,NA,NA,Peridomestic,Noireau,Culaco
SF11,H6.P3,403,R. pallescens,N1,N1_N3,N1_N2,NA,Veraguas,Peridomestic,Veraguas,Heteromys,Mammal,Yes,Yes,No,No,Four,Other,Human,Didelphis,NA,NA,Negative,Negative,Negative,NA,NA,NA,NA,NA,NA,Negative,No,Negative,N 08 30.98 W 081 03.08,Santa Fe,10-11 Jul 2017,NA,NA,NA,NA,NA,NA,NA,NA,NA,NA,Peridomestic,Noireau,Culaco
SF11,H7.P3,405,R. pallescens,N1,N1_N3,N1_N2,NA,Veraguas,Peridomestic,Veraguas,Heteromys,Mammal,No,Yes,No,No,Three,Mus,Didelphis,NA,NA,NA,Negative,Negative,Negative,NA,NA,NA,NA,NA,NA,Negative,No,Negative,N 08 30.98 W 081 03.08,Santa Fe,10-11 Jul 2017,NA,NA,NA,NA,NA,NA,NA,NA,NA,NA,Peridomestic,Noireau,Culaco
SF11,H8.P3,406,R. pallescens,N1,N1_N3,N1_N2,NA,Veraguas,Peridomestic,Veraguas,Heteromys,Mammal,No,Yes,No,No,Three,Bos,Didelphis,NA,NA,NA,Negative,Negative,Negative,NA,NA,NA,NA,NA,NA,Negative,No,Negative,N 08 30.98 W 081 03.08,Santa Fe,10-11 Jul 2017,NA,NA,NA,NA,NA,NA,NA,NA,NA,NA,Peridomestic,Noireau,Culaco
SF11,G7.P3,389,R. pallescens,N1,N1_N3,N1_N2,NA,Veraguas,Peridomestic,Veraguas,Heteromys,Mammal,No,Yes,No,No,Three,Didelphis,Metachirus,NA,NA,NA,Positive,Positive,Negative,NA,NA,NA,NA,NA,NA,Negative,No,Tcruzi,N 08 30.98 W 081 03.08,Santa Fe,10-11 Jul 2017,NA,NA,NA,NA,NA,NA,NA,NA,NA,NA,Peridomestic,Noireau,Culaco
SF11,G8.P3,391,R. pallescens,N1,N1_N3,N1_N2,NA,Veraguas,Peridomestic,Veraguas,Didelphis,Mammal,Yes,Yes,No,No,Three,Heteromys,Human,NA,NA,NA,Negative,Negative,Negative,NA,NA,NA,NA,NA,NA,Negative,No,Negative,N 08 30.98 W 081 03.08,Santa Fe,10-11 Jul 2017,NA,NA,NA,NA,NA,NA,NA,NA,NA,NA,Peridomestic,Noireau,Culaco
SF11,G9.P3,393,R. pallescens,N1,N1_N3,N1_N2,NA,Veraguas,Peridomestic,Veraguas,Heteromys,Mix,No,Yes,Yes,No,Three,Didelphis,Thraupis,NA,NA,NA,Negative,Negative,Negative,NA,NA,NA,NA,NA,NA,Negative,No,Negative,N 08 30.98 W 081 03.08,Santa Fe,10-11 Jul 2017,NA,NA,NA,NA,NA,NA,NA,NA,NA,NA,Peridomestic,Noireau,Culaco
SF11,G10.P3,395,R. pallescens,N1,N1_N3,N1_N2,NA,Veraguas,Peridomestic,Veraguas,Heteromys,Mix,No,Yes,Yes,No,Three,Didelphis,Thraupis,NA,NA,NA,Negative,Negative,Negative,NA,NA,NA,NA,NA,NA,Negative,No,Negative,N 08 30.98 W 081 03.08,Santa Fe,10-11 Jul 2017,NA,NA,NA,NA,NA,NA,NA,NA,NA,NA,Peridomestic,Noireau,Culaco
SF11,G12.P3,397,R. pallescens,Adult,N4_Adult,N3_Adult,TBD,Veraguas,Peridomestic,Veraguas,Didelphis,Mammal,No,Yes,No,No,One,NA,NA,NA,NA,NA,Positive,Positive,Negative,NA,NA,NA,NA,NA,NA,Positive,No,Tcruzi,N 08 30.98 W 081 03.08,Santa Fe,10-11 Jul 2017,NA,NA,NA,NA,NA,NA,NA,NA,NA,NA,Peridomestic,Noireau,Culaco
SF11,H1.P3,398,R. pallescens,Adult,N4_Adult,N3_Adult,Male,Veraguas,Peridomestic,Veraguas,Didelphis,Mammal,No,Yes,No,No,Two,Philander,NA,NA,NA,NA,Positive,Positive,Positive,NA,NA,NA,NA,NA,NA,Positive,Yes,Tcruzi,N 08 30.98 W 081 03.08,Santa Fe,10-11 Jul 2017,NA,NA,NA,NA,NA,NA,NA,NA,NA,NA,Peridomestic,Noireau,Culaco
SF11,H2.P3,399,R. pallescens,N1,N1_N3,N1_N2,NA,Veraguas,Peridomestic,Veraguas,Heteromys,Mammal,Yes,Yes,No,No,Four,Human,Mus,Didelphis,NA,NA,Negative,Negative,Negative,NA,NA,NA,NA,NA,NA,Negative,No,Negative,N 08 30.98 W 081 03.08,Santa Fe,10-11 Jul 2017,NA,NA,NA,NA,NA,NA,NA,NA,NA,NA,Peridomestic,Noireau,Culaco
SF11,H3.P3,400,R. pallescens,N1,N1_N3,N1_N2,NA,Veraguas,Peridomestic,Veraguas,Heteromys,Mammal,Yes,Yes,No,No,Four,Human,Didelphis,Bos,NA,NA,Negative,Negative,Negative,NA,NA,NA,NA,NA,NA,Negative,No,Negative,N 08 30.98 W 081 03.08,Santa Fe,10-11 Jul 2017,NA,NA,NA,NA,NA,NA,NA,NA,NA,NA,Peridomestic,Noireau,Culaco
SF11,H4.P3,401,R. pallescens,N1,N1_N3,N1_N2,NA,Veraguas,Peridomestic,Veraguas,Heteromys,Mammal,No,Yes,No,No,Three,Didelphis,Other,NA,NA,NA,Negative,Negative,Negative,NA,NA,NA,NA,NA,NA,Negative,No,Negative,N 08 30.98 W 081 03.08,Santa Fe,10-11 Jul 2017,NA,NA,NA,NA,NA,NA,NA,NA,NA,NA,Peridomestic,Noireau,Culaco
SF11,G3.P3,382,R. pallescens,Adult,N4_Adult,N3_Adult,TBD,Veraguas,Peridomestic,Veraguas,Didelphis,Mammal,No,Yes,No,No,Two,Heteromys,NA,NA,NA,NA,Negative,Negative,NA,NA,NA,NA,NA,NA,NA,NA,NA,Negative,N 08 30.98 W 081 03.08,Santa Fe,10-11 Jul 2017,NA,NA,NA,NA,NA,NA,NA,NA,NA,NA,Peridomestic,Noireau,Culaco
SF11,G4.P3,383,R. pallescens,Adult,N4_Adult,N3_Adult,TBD,Veraguas,Peridomestic,Veraguas,Didelphis,Mammal,No,Yes,No,No,Two,Heteromys,NA,NA,NA,NA,Positive,Positive,NA,NA,NA,NA,NA,NA,NA,NA,NA,Tcruzi,N 08 30.98 W 081 03.08,Santa Fe,10-11 Jul 2017,NA,NA,NA,NA,NA,NA,NA,NA,NA,NA,Peridomestic,Noireau,Culaco
SF11,G5.P3,384,R. pallescens,Adult,N4_Adult,N3_Adult,TBD,Veraguas,Peridomestic,Veraguas,Didelphis,Mammal,No,Yes,No,No,Two,Heteromys,NA,NA,NA,NA,Positive,Positive,Negative,NA,NA,NA,NA,NA,NA,Positive,No,Tcruzi,N 08 30.98 W 081 03.08,Santa Fe,10-11 Jul 2017,NA,NA,NA,NA,NA,NA,NA,NA,NA,NA,Peridomestic,Noireau,Culaco
SF11,G6.P3,385,R. pallescens,Adult,N4_Adult,N3_Adult,TBD,Veraguas,Peridomestic,Veraguas,Didelphis,Mammal,No,Yes,No,No,Two,Heteromys,NA,NA,NA,NA,Positive,Positive,Negative,NA,NA,NA,NA,NA,NA,Positive,No,Tcruzi,N 08 30.98 W 081 03.08,Santa Fe,10-11 Jul 2017,NA,NA,NA,NA,NA,NA,NA,NA,NA,NA,Peridomestic,Noireau,Culaco
SF11,G11.P3,396,R. pallescens,Adult,N4_Adult,N3_Adult,TBD,Veraguas,Peridomestic,Veraguas,Heteromys,Mammal,Yes,Yes,No,No,Three,Human,Didelphis,NA,NA,NA,Negative,Negative,Negative,NA,NA,NA,NA,NA,NA,Positive,No,Negative,N 08 30.98 W 081 03.08,Santa Fe,10-11 Jul 2017,NA,NA,NA,NA,NA,NA,NA,NA,NA,NA,Peridomestic,Noireau,Culaco
SF12,D1.P3,293,R. pallescens,Adult,N4_Adult,N3_Adult,TBD,Veraguas,Peridomestic,Veraguas,Didelphis,Mammal,No,Yes,No,No,Two,Philander,NA,NA,NA,NA,Positive,Positive,NA,NA,NA,NA,NA,NA,NA,NA,NA,Tcruzi,N 08 30.98 W 081 03.05,Santa Fe,10-Jul-17,NA,NA,NA,NA,NA,NA,NA,NA,NA,NA,Peridomestic cerca forest,Felled,Culaco
SF12,D2.P3,294,R. pallescens,Adult,N4_Adult,N3_Adult,TBD,Veraguas,Peridomestic,Veraguas,Didelphis,Mammal,No,Yes,No,No,Two,Heteromys,NA,NA,NA,NA,Positive,Positive,Positive,NA,NA,NA,NA,NA,NA,Positive,Yes,Coinfection,N 08 30.98 W 081 03.05,Santa Fe,10-Jul-17,NA,NA,NA,NA,NA,NA,NA,NA,NA,NA,Peridomestic cerca forest,Felled,Culaco
SF12,D3.P3,295,R. pallescens,Adult,N4_Adult,N3_Adult,TBD,Veraguas,Peridomestic,Veraguas,Didelphis,Mammal,Yes,Yes,No,No,Three,Heteromys,Human,NA,NA,NA,Positive,Positive,NA,NA,NA,NA,NA,NA,NA,NA,NA,Tcruzi,N 08 30.98 W 081 03.05,Santa Fe,10-Jul-17,NA,NA,NA,NA,NA,NA,NA,NA,NA,NA,Peridomestic cerca forest,Felled,Culaco
SF12,D4.P3,296,R. pallescens,Adult,N4_Adult,N3_Adult,Male,Veraguas,Peridomestic,Veraguas,Didelphis,Mammal,No,Yes,No,No,One,NA,NA,NA,NA,NA,Positive,Positive,Positive,NA,NA,NA,NA,NA,NA,Positive,Yes,Coinfection,N 08 30.98 W 081 03.05,Santa Fe,10-Jul-17,NA,NA,NA,NA,NA,NA,NA,NA,NA,NA,Peridomestic cerca forest,Felled,Culaco
SF12,D5.P3,297,R. pallescens,N5,N4_Adult,N3_Adult,NA,Veraguas,Peridomestic,Veraguas,Didelphis,Mammal,No,Yes,No,No,One,NA,NA,NA,NA,NA,Positive,Positive,NA,NA,NA,NA,NA,NA,NA,NA,NA,Tcruzi,N 08 30.98 W 081 03.05,Santa Fe,10-Jul-17,NA,NA,NA,NA,NA,NA,NA,NA,NA,NA,Peridomestic cerca forest,Felled,Culaco
SF12,D7.P3,299,R. pallescens,N4,N4_Adult,N3_Adult,NA,Veraguas,Peridomestic,Veraguas,Didelphis,Mammal,No,Yes,No,No,One,NA,NA,NA,NA,NA,Positive,Positive,Positive,NA,NA,NA,NA,NA,NA,Positive,Yes,Coinfection,N 08 30.98 W 081 03.05,Santa Fe,10-Jul-17,NA,NA,NA,NA,NA,NA,NA,NA,NA,NA,Peridomestic cerca forest,Felled,Culaco
SF12,D8.P3,300,R. pallescens,N3,N1_N3,N3_Adult,NA,Veraguas,Peridomestic,Veraguas,Didelphis,Mammal,No,Yes,No,No,Two,Heteromys,NA,NA,NA,NA,Positive,Positive,Negative,NA,NA,NA,NA,NA,NA,Positive,No,Tcruzi,N 08 30.98 W 081 03.05,Santa Fe,10-Jul-17,NA,NA,NA,NA,NA,NA,NA,NA,NA,NA,Peridomestic cerca forest,Felled,Culaco
SF12,D9.P3,301,R. pallescens,N3,N1_N3,N3_Adult,NA,Veraguas,Peridomestic,Veraguas,Didelphis,Mammal,Yes,Yes,No,No,Three,Heteromys,Human,NA,NA,NA,Positive,Positive,Negative,NA,NA,NA,NA,NA,NA,Positive,No,Tcruzi,N 08 30.98 W 081 03.05,Santa Fe,10-Jul-17,NA,NA,NA,NA,NA,NA,NA,NA,NA,NA,Peridomestic cerca forest,Felled,Culaco
SF12,D10.P3,302,R. pallescens,N3,N1_N3,N3_Adult,NA,Veraguas,Peridomestic,Veraguas,Didelphis,Mammal,No,Yes,No,No,Two,Heteromys,NA,NA,NA,NA,Negative,Negative,Negative,NA,NA,NA,NA,NA,NA,Negative,No,Negative,N 08 30.98 W 081 03.05,Santa Fe,10-Jul-17,NA,NA,NA,NA,NA,NA,NA,NA,NA,NA,Peridomestic cerca forest,Felled,Culaco
SF12,D11.P3,303,R. pallescens,N3,N1_N3,N3_Adult,NA,Veraguas,Peridomestic,Veraguas,Didelphis,Mammal,No,Yes,No,No,Two,Heteromys,NA,NA,NA,NA,Negative,Negative,Negative,NA,NA,NA,NA,NA,NA,Negative,No,Negative,N 08 30.98 W 081 03.05,Santa Fe,10-Jul-17,NA,NA,NA,NA,NA,NA,NA,NA,NA,NA,Peridomestic cerca forest,Felled,Culaco
SF12,D6.P3,298,R. pallescens,N5,N4_Adult,N3_Adult,NA,Veraguas,Peridomestic,Veraguas,Didelphis,Mammal,No,Yes,No,No,Two,Heteromys,NA,NA,NA,NA,Positive,Positive,Positive,NA,NA,NA,NA,NA,NA,Negative,Yes,Coinfection,N 08 30.98 W 081 03.05,Santa Fe,10-Jul-17,NA,NA,NA,NA,NA,NA,NA,NA,NA,NA,Peridomestic cerca forest,Felled,Culaco
SF14,H9.P3,407,R. pallescens,Adult,N4_Adult,N3_Adult,TBD,Veraguas,Forest,Veraguas,Didelphis,Mammal,No,Yes,No,No,Two,Heteromys,NA,NA,NA,NA,Negative,Negative,Negative,NA,NA,NA,NA,NA,NA,Negative,No,Negative,N 08 31.078 W 081 03.04,Santa Fe,10-11 Jul 2017,NA,NA,NA,NA,NA,NA,NA,NA,NA,NA,Forest,Noireau,Culaco
SF15,H10.P3,408,T. dimidiata,Adult,N4_Adult,N3_Adult,TBD,Veraguas,Forest,Veraguas,Didelphis,Mix,No,Yes,Yes,No,Three,Heteromys,Piranga,NA,NA,NA,Negative,Negative,Negative,NA,NA,NA,NA,NA,NA,Negative,No,Negative,N 08 31.136 W 081 03.265,Santa Fe,11-Jul-17,NA,NA,NA,NA,NA,NA,NA,NA,NA,NA,Forest cerca Peridomestic,Felled,Culaco
SF15,H11.P3,409,T. dimidiata,Adult,N4_Adult,N3_Adult,TBD,Veraguas,Forest,Veraguas,Heteromys,Mammal,Yes,Yes,No,No,Four,Didelphis,Human,Mus,NA,NA,Positive,Positive,Negative,NA,NA,NA,NA,NA,NA,Negative,No,Tcruzi,N 08 31.136 W 081 03.265,Santa Fe,11-Jul-17,NA,NA,NA,NA,NA,NA,NA,NA,NA,NA,Forest cerca Peridomestic,Felled,Culaco
SF15,H12.P3,410,T. dimidiata,N3,N1_N3,N3_Adult,NA,Veraguas,Forest,Veraguas,Didelphis,Mammal,No,Yes,No,No,Two,Heteromys,NA,NA,NA,NA,Positive,Positive,Negative,NA,NA,NA,NA,NA,NA,Negative,No,Tcruzi,N 08 31.136 W 081 03.265,Santa Fe,11-Jul-17,NA,NA,NA,NA,NA,NA,NA,NA,NA,NA,Forest cerca Peridomestic,Felled,Culaco
SF15,A2.P4,412,R. pallescens,Adult,N4_Adult,N3_Adult,Female,Veraguas,Forest,Veraguas,Heteromys,Mammal,Yes,Yes,No,No,Five,Mus,Human,Metachirus,Didelphis,NA,Positive,Positive,Negative,NA,NA,NA,NA,NA,NA,Negative,No,Tcruzi,N 08 31.136 W 081 03.265,Santa Fe,11-Jul-17,NA,NA,NA,NA,NA,NA,NA,NA,NA,NA,Forest cerca Peridomestic,Felled,Culaco
SF15,A3.P4,413,R. pallescens,Adult,N4_Adult,N3_Adult,Female,Veraguas,Forest,Veraguas,Didelphis,Mammal,Yes,Yes,No,No,Three,Human,Bos,NA,NA,NA,Negative,Negative,Negative,NA,NA,NA,NA,NA,NA,Negative,No,Negative,N 08 31.136 W 081 03.265,Santa Fe,11-Jul-17,NA,NA,NA,NA,NA,NA,NA,NA,NA,NA,Forest cerca Peridomestic,Felled,Culaco
SF15,A4.P4,414,R. pallescens,Adult,N4_Adult,N3_Adult,TBD,Veraguas,Forest,Veraguas,Didelphis,Mammal,No,Yes,No,No,Three,Marmosa,Heteromys,NA,NA,NA,Positive,Positive,Positive,NA,NA,NA,NA,NA,NA,Negative,Yes,Tcruzi,N 08 31.136 W 081 03.265,Santa Fe,11-Jul-17,NA,NA,NA,NA,NA,NA,NA,NA,NA,NA,Forest cerca Peridomestic,Felled,Culaco
SF15,A5.P4,415,R. pallescens,N4,N4_Adult,N3_Adult,NA,Veraguas,Forest,Veraguas,Didelphis,Mammal,Yes,Yes,No,No,Three,Heteromys,Human,NA,NA,NA,Positive,Positive,Positive,NA,NA,NA,NA,NA,NA,Positive,Yes,Tcruzi,N 08 31.136 W 081 03.265,Santa Fe,11-Jul-17,NA,NA,NA,NA,NA,NA,NA,NA,NA,NA,Forest cerca Peridomestic,Felled,Culaco
SF15,A6.P4,416,R. pallescens,N3,N1_N3,N3_Adult,NA,Veraguas,Forest,Veraguas,Didelphis,Mammal,Yes,Yes,No,No,Three,Human,Heteromys,NA,NA,NA,Positive,Negative,Positive,NA,NA,NA,NA,NA,NA,Positive,Yes,Tcruzi,N 08 31.136 W 081 03.265,Santa Fe,11-Jul-17,NA,NA,NA,NA,NA,NA,NA,NA,NA,NA,Forest cerca Peridomestic,Felled,Culaco
SF15,A7.P4,417,R. pallescens,N3,N1_N3,N3_Adult,NA,Veraguas,Forest,Veraguas,Didelphis,Mammal,Yes,Yes,No,No,Two,Human,NA,NA,NA,NA,Positive,Negative,Positive,NA,NA,NA,NA,NA,NA,Positive,Yes,Tcruzi,N 08 31.136 W 081 03.265,Santa Fe,11-Jul-17,NA,NA,NA,NA,NA,NA,NA,NA,NA,NA,Forest cerca Peridomestic,Felled,Culaco
SF15,A8.P4,418,R. pallescens,N3,N1_N3,N3_Adult,NA,Veraguas,Forest,Veraguas,Didelphis,Mammal,Yes,Yes,No,No,Three,Heteromys,Human,NA,NA,NA,Positive,Negative,Positive,NA,NA,NA,NA,NA,NA,Positive,Yes,Tcruzi,N 08 31.136 W 081 03.265,Santa Fe,11-Jul-17,NA,NA,NA,NA,NA,NA,NA,NA,NA,NA,Forest cerca Peridomestic,Felled,Culaco
SF15,A9.P4,419,R. pallescens,N3,N1_N3,N3_Adult,NA,Veraguas,Forest,Veraguas,Heteromys,Mammal,Yes,Yes,No,No,Four,Human,Mus,Bos,NA,NA,Positive,Positive,Negative,NA,NA,NA,NA,NA,NA,Positive,No,Tcruzi,N 08 31.136 W 081 03.265,Santa Fe,11-Jul-17,NA,NA,NA,NA,NA,NA,NA,NA,NA,NA,Forest cerca Peridomestic,Felled,Culaco
SF15,A10.P4,420,R. pallescens,N3,N1_N3,N3_Adult,NA,Veraguas,Forest,Veraguas,Heteromys,Mammal,Yes,Yes,No,No,Three,Didelphis,Human,NA,NA,NA,Positive,Negative,Positive,NA,NA,NA,NA,NA,NA,Positive,Yes,Coinfection,N 08 31.136 W 081 03.265,Santa Fe,11-Jul-17,NA,NA,NA,NA,NA,NA,NA,NA,NA,NA,Forest cerca Peridomestic,Felled,Culaco
SF15,A11.P4,421,R. pallescens,N3,N1_N3,N3_Adult,NA,Veraguas,Forest,Veraguas,Didelphis,Mammal,Yes,Yes,No,No,Three,Human,Heteromys,NA,NA,NA,Positive,Positive,Positive,NA,NA,NA,NA,NA,NA,Positive,Yes,Tcruzi,N 08 31.136 W 081 03.265,Santa Fe,11-Jul-17,NA,NA,NA,NA,NA,NA,NA,NA,NA,NA,Forest cerca Peridomestic,Felled,Culaco
SF15,A12.P4,422,R. pallescens,N3,N1_N3,N3_Adult,NA,Veraguas,Forest,Veraguas,Didelphis,Mammal,Yes,Yes,No,No,Three,Heteromys,Human,NA,NA,NA,Negative,Negative,Negative,NA,NA,NA,NA,NA,NA,Negative,No,Negative,N 08 31.136 W 081 03.265,Santa Fe,11-Jul-17,NA,NA,NA,NA,NA,NA,NA,NA,NA,NA,Forest cerca Peridomestic,Felled,Culaco
SF15,B1.P4,423,R. pallescens,N2,N1_N3,N1_N2,NA,Veraguas,Forest,Veraguas,Heteromys,Mammal,Yes,Yes,No,No,Four,Human,Metachirus,Didelphis,NA,NA,Negative,Negative,Negative,NA,NA,NA,NA,NA,NA,Negative,No,Negative,N 08 31.136 W 081 03.265,Santa Fe,11-Jul-17,NA,NA,NA,NA,NA,NA,NA,NA,NA,NA,Forest cerca Peridomestic,Felled,Culaco
SF15,A1.P4,411,T. dimidiata,N3,N1_N3,N3_Adult,NA,Veraguas,Forest,Veraguas,Heteromys,Mammal,Yes,Yes,No,No,Four,Human,Metachirus,Didelphis,NA,NA,Positive,Positive,Negative,NA,NA,NA,NA,NA,NA,Negative,No,Tcruzi,N 08 31.136 W 081 03.265,Santa Fe,11-Jul-17,NA,NA,NA,NA,NA,NA,NA,NA,NA,NA,Forest cerca Peridomestic,Felled,Culaco
SF2,A1.P3,218,R. pallescens,Adult,N4_Adult,N3_Adult,Female,Veraguas,Pasture,Veraguas,Heteromys,Mammal,No,Yes,No,No,Two,Didelphis,NA,NA,NA,NA,Positive,Positive,REDO,NA,NA,NA,NA,NA,NA,REDO,NA,Tcruzi,N 08 31.362 W 081 04.373,Santa Fe,8-9 Jul 2017,NA,NA,NA,NA,NA,NA,NA,NA,NA,NA,Pasture,Noireau,Santa Fe
SF3,A3.P3,220,R. pallescens,N5,N4_Adult,N3_Adult,NA,Veraguas,Pasture,Veraguas,Heteromys,Mix,No,Yes,Yes,No,Three,Metachirus,Piranga,NA,NA,NA,Positive,Positive,Negative,NA,NA,NA,NA,NA,NA,Positive,No,Tcruzi,N 08 31.342 W 081 04.380,Santa Fe,8-9 Jul 2017,NA,NA,NA,NA,NA,NA,NA,NA,NA,NA,Pasture,Noireau,Santa Fe
SF3,A4.P3,221,R. pallescens,N3,N1_N3,N3_Adult,NA,Veraguas,Pasture,Veraguas,Heteromys,Mammal,Yes,Yes,No,No,Four,Human,Didelphis,Other,NA,NA,Negative,Negative,Negative,NA,NA,NA,NA,NA,NA,Negative,No,Negative,N 08 31.342 W 081 04.380,Santa Fe,8-9 Jul 2017,NA,NA,NA,NA,NA,NA,NA,NA,NA,NA,Pasture,Noireau,Santa Fe
SF3,A5.P3,222,R. pallescens,N2,N1_N3,N1_N2,NA,Veraguas,Pasture,Veraguas,Heteromys,Mammal,Yes,Yes,No,No,Three,Didelphis,Human,NA,NA,NA,Negative,Negative,Negative,NA,NA,NA,NA,NA,NA,Negative,No,Negative,N 08 31.342 W 081 04.380,Santa Fe,8-9 Jul 2017,NA,NA,NA,NA,NA,NA,NA,NA,NA,NA,Pasture,Noireau,Santa Fe
SF3,A6.P3,223,R. pallescens,N1,N1_N3,N1_N2,NA,Veraguas,Pasture,Veraguas,Heteromys,Mammal,Yes,Yes,No,No,Four,Human,Metachirus,Didelphis,NA,NA,Negative,Negative,Negative,NA,NA,NA,NA,NA,NA,Negative,No,Negative,N 08 31.342 W 081 04.380,Santa Fe,8-9 Jul 2017,NA,NA,NA,NA,NA,NA,NA,NA,NA,NA,Pasture,Noireau,Santa Fe
SF3,A2.P3,219,R. pallescens,N5,N4_Adult,N3_Adult,NA,Veraguas,Pasture,Veraguas,Heteromys,Mammal,Yes,Yes,No,No,Two,Human,NA,NA,NA,NA,Positive,Positive,Negative,NA,NA,NA,NA,NA,NA,Positive,No,Tcruzi,N 08 31.342 W 081 04.380,Santa Fe,8-9 Jul 2017,NA,NA,NA,NA,NA,NA,NA,NA,NA,NA,Pasture,Noireau,Santa Fe
SF4,A7.P3,224,R. pallescens,N4,N4_Adult,N3_Adult,NA,Veraguas,Pasture,Veraguas,Heteromys,Mammal,No,Yes,No,No,Two,Didelphis,NA,NA,NA,NA,Negative,Negative,Negative,NA,NA,NA,NA,NA,NA,Negative,No,Negative,N 08 31.317 W 081 04.395,Santa Fe,8-9 Jul 2017,NA,NA,NA,NA,NA,NA,NA,NA,NA,NA,Pasture,Noireau,Santa Fe
SF4,A9.P3,226,R. pallescens,N2,N1_N3,N1_N2,NA,Veraguas,Pasture,Veraguas,Heteromys,Mammal,No,Yes,No,No,Two,Metachirus,NA,NA,NA,NA,Negative,Negative,Negative,NA,NA,NA,NA,NA,NA,Negative,No,Negative,N 08 31.317 W 081 04.395,Santa Fe,8-9 Jul 2017,NA,NA,NA,NA,NA,NA,NA,NA,NA,NA,Pasture,Noireau,Santa Fe
SF4,A10.P3,227,R. pallescens,N2,N1_N3,N1_N2,NA,Veraguas,Pasture,Veraguas,Heteromys,Mammal,No,Yes,No,No,Two,Leopardus,NA,NA,NA,NA,Positive,Positive,Negative,NA,NA,NA,NA,NA,NA,Negative,No,Tcruzi,N 08 31.317 W 081 04.395,Santa Fe,8-9 Jul 2017,NA,NA,NA,NA,NA,NA,NA,NA,NA,NA,Pasture,Noireau,Santa Fe
SF4,A11.P3,228,R. pallescens,N1,N1_N3,N1_N2,NA,Veraguas,Pasture,Veraguas,Heteromys,Mammal,Yes,Yes,No,No,Two,Human,NA,NA,NA,NA,Positive,Positive,Negative,NA,NA,NA,NA,NA,NA,Negative,No,Tcruzi,N 08 31.317 W 081 04.395,Santa Fe,8-9 Jul 2017,NA,NA,NA,NA,NA,NA,NA,NA,NA,NA,Pasture,Noireau,Santa Fe
SF4,A8.P3,225,R. pallescens,N2,N1_N3,N1_N2,NA,Veraguas,Pasture,Veraguas,Heteromys,Mix,Yes,Yes,Yes,No,Three,Human,Thraupis,NA,NA,NA,Negative,Negative,Negative,NA,NA,NA,NA,NA,NA,Negative,No,Negative,N 08 31.317 W 081 04.395,Santa Fe,8-9 Jul 2017,NA,NA,NA,NA,NA,NA,NA,NA,NA,NA,Pasture,Noireau,Santa Fe
SF6,E2.P3,342,R. pallescens,N2,N1_N3,N1_N2,NA,Veraguas,Pasture,Veraguas,Heteromys,Mix,No,Yes,No,Yes,Two,Other,Lepidodactylus,NA,NA,NA,Negative,Negative,Negative,NA,NA,NA,NA,NA,NA,Negative,No,Negative,N 08 32.474 W 081 03.794,Santa Fe,9-10 Jul 2017,NA,NA,NA,NA,NA,NA,NA,NA,NA,NA,Pasture,Noireau,El Pantano
SF6,E3.P3,343,R. pallescens,N2,N1_N3,N1_N2,NA,Veraguas,Pasture,Veraguas,Heteromys,Mammal,Yes,Yes,No,No,Two,Human,NA,NA,NA,NA,Negative,Negative,Negative,NA,NA,NA,NA,NA,NA,Negative,No,Negative,N 08 32.474 W 081 03.794,Santa Fe,9-10 Jul 2017,NA,NA,NA,NA,NA,NA,NA,NA,NA,NA,Pasture,Noireau,El Pantano
SF6,E4.P3,344,R. pallescens,N2,N1_N3,N1_N2,NA,Veraguas,Pasture,Veraguas,Heteromys,Mammal,Yes,Yes,No,No,Three,Human,Didelphis,NA,NA,NA,Negative,Negative,Negative,NA,NA,NA,NA,NA,NA,Negative,No,Negative,N 08 32.474 W 081 03.794,Santa Fe,9-10 Jul 2017,NA,NA,NA,NA,NA,NA,NA,NA,NA,NA,Pasture,Noireau,El Pantano
SF6,E1.P3,341,R. pallescens,N1,N1_N3,N1_N2,NA,Veraguas,Pasture,Veraguas,Heteromys,Mammal,Yes,Yes,No,No,Three,Human,Didelphis,NA,NA,NA,Negative,Negative,Negative,NA,NA,NA,NA,NA,NA,Negative,No,Negative,N 08 32.474 W 081 03.794,Santa Fe,9-10 Jul 2017,NA,NA,NA,NA,NA,NA,NA,NA,NA,NA,Pasture,Noireau,El Pantano
SF6,E6.P3,346,R. pallescens,N3,N1_N3,N3_Adult,NA,Veraguas,Pasture,Veraguas,Heteromys,Mix,No,Yes,Yes,No,Two,Piranga,NA,NA,NA,NA,Negative,Negative,Negative,NA,NA,NA,NA,NA,NA,Negative,No,Negative,N 08 32.474 W 081 03.794,Santa Fe,9-10 Jul 2017,NA,NA,NA,NA,NA,NA,NA,NA,NA,NA,Pasture,Noireau,El Pantano
SF6,E5.P3,345,R. pallescens,N3,N1_N3,N3_Adult,NA,Veraguas,Pasture,Veraguas,Heteromys,Mix,Yes,Yes,Yes,No,Three,Piranga,Human,NA,NA,NA,Negative,Negative,Negative,NA,NA,NA,NA,NA,NA,Negative,No,Negative,N 08 32.474 W 081 03.794,Santa Fe,9-10 Jul 2017,NA,NA,NA,NA,NA,NA,NA,NA,NA,NA,Pasture,Noireau,El Pantano
SF7,E7.P3,347,R. pallescens,Adult,N4_Adult,N3_Adult,TBD,Veraguas,Pasture,Veraguas,Heteromys,Mix,No,Yes,Yes,No,Three,Piranga,Other,NA,NA,NA,Positive,Positive,Negative,NA,NA,NA,NA,NA,NA,Positive,No,Tcruzi,N 08 32.466 W 081 03.835,Santa Fe,9-10 Jul 2018,NA,NA,NA,NA,NA,NA,NA,NA,NA,NA,Pasture,Noireau,El Pantano
SF7,E8.P3,348,R. pallescens,N5,N4_Adult,N3_Adult,NA,Veraguas,Pasture,Veraguas,Didelphis,Mammal,Yes,Yes,No,No,Three,Heteromys,Human,NA,NA,NA,Positive,Positive,Positive,NA,NA,NA,NA,NA,NA,Positive,Yes,Coinfection,N 08 32.466 W 081 03.835,Santa Fe,9-10 Jul 2018,NA,NA,NA,NA,NA,NA,NA,NA,NA,NA,Pasture,Noireau,El Pantano
SF7,E10.P3,356,R. pallescens,N1,N1_N3,N1_N2,NA,Veraguas,Pasture,Veraguas,Heteromys,Mix,Yes,Yes,Yes,No,Four,Piranga,Human,Thraupis,NA,NA,Negative,Negative,Negative,NA,NA,NA,NA,NA,NA,Negative,No,Negative,N 08 32.466 W 081 03.835,Santa Fe,9-10 Jul 2018,NA,NA,NA,NA,NA,NA,NA,NA,NA,NA,Pasture,Noireau,El Pantano
SF7,E9.P3,353,R. pallescens,N1,N1_N3,N1_N2,NA,Veraguas,Pasture,Veraguas,Heteromys,Mammal,Yes,Yes,No,No,Two,Human,NA,NA,NA,NA,Negative,Negative,Negative,NA,NA,NA,NA,NA,NA,Negative,No,Negative,N 08 32.466 W 081 03.835,Santa Fe,9-10 Jul 2018,NA,NA,NA,NA,NA,NA,NA,NA,NA,NA,Pasture,Noireau,El Pantano
SF8,E11.P3,359,R. pallescens,Adult,N4_Adult,N3_Adult,TBD,Veraguas,Pasture,Veraguas,Heteromys,Mix,Yes,Yes,Yes,No,Four,Thraupis,Human,Bos,NA,NA,Positive,Positive,Negative,NA,NA,NA,NA,NA,NA,Positive,No,Tcruzi,N 08 32.457 W 081 03.830,Santa Fe,9-10 Jul 2019,NA,NA,NA,NA,NA,NA,NA,NA,NA,NA,Pasture,Noireau,El Pantano
SF8,E12.P3,360,R. pallescens,Adult,N4_Adult,N3_Adult,TBD,Veraguas,Pasture,Veraguas,Heteromys,Mammal,Yes,Yes,No,No,Two,Human,NA,NA,NA,NA,Positive,Positive,Negative,NA,NA,NA,NA,NA,NA,Positive,No,Tcruzi,N 08 32.457 W 081 03.830,Santa Fe,9-10 Jul 2019,NA,NA,NA,NA,NA,NA,NA,NA,NA,NA,Pasture,Noireau,El Pantano
SF8,F1.P3,361,R. pallescens,Adult,N4_Adult,N3_Adult,Male,Veraguas,Pasture,Veraguas,Heteromys,Mix,Yes,Yes,Yes,No,Four,Thraupis,Other,Human,NA,NA,Positive,Positive,Negative,NA,NA,NA,NA,NA,NA,Negative,No,Tcruzi,N 08 32.457 W 081 03.830,Santa Fe,9-10 Jul 2019,NA,NA,NA,NA,NA,NA,NA,NA,NA,NA,Pasture,Noireau,El Pantano
SF8,F3.P3,368,R. pallescens,N2,N1_N3,N1_N2,NA,Veraguas,Pasture,Veraguas,Heteromys,Mix,Yes,Yes,Yes,No,Four,Human,Bos,Thraupis,NA,NA,Positive,Positive,Negative,NA,NA,NA,NA,NA,NA,Positive,No,Tcruzi,N 08 32.457 W 081 03.830,Santa Fe,9-10 Jul 2019,NA,NA,NA,NA,NA,NA,NA,NA,NA,NA,Pasture,Noireau,El Pantano
SF8,F4.P3,370,R. pallescens,N1,N1_N3,N1_N2,NA,Veraguas,Pasture,Veraguas,Heteromys,Mammal,Yes,Yes,No,No,Three,Human,Thraupis,NA,NA,NA,Negative,Negative,Negative,NA,NA,NA,NA,NA,NA,Negative,No,Negative,N 08 32.457 W 081 03.830,Santa Fe,9-10 Jul 2019,NA,NA,NA,NA,NA,NA,NA,NA,NA,NA,Pasture,Noireau,El Pantano
SF8,F5.P3,371,R. pallescens,N1,N1_N3,N1_N2,NA,Veraguas,Pasture,Veraguas,Heteromys,Mix,No,Yes,Yes,No,Three,Other,Piranga,NA,NA,NA,Negative,Negative,Negative,NA,NA,NA,NA,NA,NA,Negative,No,Negative,N 08 32.457 W 081 03.830,Santa Fe,9-10 Jul 2019,NA,NA,NA,NA,NA,NA,NA,NA,NA,NA,Pasture,Noireau,El Pantano
SF8,F2.P3,362,R. pallescens,Adult,N4_Adult,N3_Adult,Male,Veraguas,Pasture,Veraguas,Heteromys,Mammal,No,Yes,No,No,Two,Other,NA,NA,NA,NA,Positive,Positive,Negative,NA,NA,NA,NA,NA,NA,Negative,No,Tcruzi,N 08 32.457 W 081 03.830,Santa Fe,9-10 Jul 2019,NA,NA,NA,NA,NA,NA,NA,NA,NA,NA,Pasture,Noireau,El Pantano
SF8,F7.P3,373,R. pallescens,N1,N1_N3,N1_N2,NA,Veraguas,Pasture,Veraguas,Heteromys,Mix,Yes,Yes,No,Yes,Three,Human,Lepidodactylus,NA,NA,NA,Negative,Negative,Negative,NA,NA,NA,NA,NA,NA,Negative,No,Negative,N 08 32.457 W 081 03.830,Santa Fe,9-10 Jul 2019,NA,NA,NA,NA,NA,NA,NA,NA,NA,NA,Pasture,Noireau,El Pantano
SF8,F8.P3,375,R. pallescens,N1,N1_N3,N1_N2,NA,Veraguas,Pasture,Veraguas,Heteromys,Mammal,Yes,Yes,No,No,Two,Human,NA,NA,NA,NA,Positive,Positive,Negative,NA,NA,NA,NA,NA,NA,Negative,No,Tcruzi,N 08 32.457 W 081 03.830,Santa Fe,9-10 Jul 2019,NA,NA,NA,NA,NA,NA,NA,NA,NA,NA,Pasture,Noireau,El Pantano
SF8,F9.P3,376,R. pallescens,N1,N1_N3,N1_N2,NA,Veraguas,Pasture,Veraguas,Heteromys,Mammal,Yes,Yes,No,No,Two,Human,NA,NA,NA,NA,Negative,Negative,Negative,NA,NA,NA,NA,NA,NA,Negative,No,Negative,N 08 32.457 W 081 03.830,Santa Fe,9-10 Jul 2019,NA,NA,NA,NA,NA,NA,NA,NA,NA,NA,Pasture,Noireau,El Pantano
SF8,F6.P3,372,R. pallescens,N1,N1_N3,N1_N2,NA,Veraguas,Pasture,Veraguas,Heteromys,Mix,No,Yes,Yes,No,Two,Piranga,NA,NA,NA,NA,Negative,Negative,Negative,NA,NA,NA,NA,NA,NA,Negative,No,Negative,N 08 32.457 W 081 03.830,Santa Fe,9-10 Jul 2019,NA,NA,NA,NA,NA,NA,NA,NA,NA,NA,Pasture,Noireau,El Pantano
SF8,F10.P3,377,R. pallescens,N1,N1_N3,N1_N2,NA,Veraguas,Pasture,Veraguas,Heteromys,Mix,Yes,Yes,Yes,No,Three,Thraupis,Human,NA,NA,NA,Negative,Negative,Negative,NA,NA,NA,NA,NA,NA,Negative,No,Negative,N 08 32.457 W 081 03.830,Santa Fe,9-10 Jul 2019,NA,NA,NA,NA,NA,NA,NA,NA,NA,NA,Pasture,Noireau,El Pantano
SF8,F11.P3,378,R. pallescens,N1,N1_N3,N1_N2,NA,Veraguas,Pasture,Veraguas,Heteromys,Mammal,Yes,Yes,No,No,Two,Human,NA,NA,NA,NA,Positive,Positive,Negative,NA,NA,NA,NA,NA,NA,Positive,No,Tcruzi,N 08 32.457 W 081 03.830,Santa Fe,9-10 Jul 2019,NA,NA,NA,NA,NA,NA,NA,NA,NA,NA,Pasture,Noireau,El Pantano
SF8,F12.P3,379,R. pallescens,N1,N1_N3,N1_N2,NA,Veraguas,Pasture,Veraguas,Heteromys,Mammal,Yes,Yes,No,No,Two,Human,NA,NA,NA,NA,Negative,Negative,Negative,NA,NA,NA,NA,NA,NA,Negative,No,Negative,N 08 32.457 W 081 03.830,Santa Fe,9-10 Jul 2019,NA,NA,NA,NA,NA,NA,NA,NA,NA,NA,Pasture,Noireau,El Pantano
SF8,G1.P3,381,R. pallescens,N1,N1_N3,N1_N2,NA,Veraguas,Pasture,Veraguas,Didelphis,Mammal,Yes,Yes,No,No,Three,Heteromys,Human,NA,NA,NA,Negative,Negative,Negative,NA,NA,NA,NA,NA,NA,Negative,NA,Negative,N 08 32.457 W 081 03.830,Santa Fe,9-10 Jul 2019,NA,NA,NA,NA,NA,NA,NA,NA,NA,NA,Pasture,Noireau,El Pantano
SF8,G2.P3,381.5,R. pallescens,N1,N1_N3,N1_N2,NA,Veraguas,Pasture,Veraguas,Heteromys,Mammal,Yes,Yes,No,No,Two,Human,NA,NA,NA,NA,Negative,Negative,NA,NA,NA,NA,NA,NA,NA,NA,NA,Negative,N 08 32.457 W 081 03.830,Santa Fe,9-10 Jul 2019,NA,NA,NA,NA,NA,NA,NA,NA,NA,NA,Pasture,Noireau,El Pantano
SF9,B1.P3,236,R. pallescens,Adult,N4_Adult,N3_Adult,TBD,Veraguas,Pasture,Veraguas,Didelphis,Mammal,No,Yes,No,No,One,NA,NA,NA,NA,NA,Positive,Positive,Positive,NA,NA,NA,NA,NA,NA,Negative,Yes,Coinfection,N 08 32.454 W 081 03.801,Santa Fe,9-Jul-17,5.75,12.178,NA,NA,NA,NA,NA,NA,NA,NA,Pasture,Felled,El Pantano
SF9,B2.P3,237,R. pallescens,Adult,N4_Adult,N3_Adult,Male,Veraguas,Pasture,Veraguas,Didelphis,Mammal,No,Yes,No,No,Two,Heteromys,NA,NA,NA,NA,Positive,Positive,Negative,NA,NA,NA,NA,NA,NA,Negative,No,Tcruzi,N 08 32.454 W 081 03.801,Santa Fe,9-Jul-17,5.75,12.178,NA,NA,NA,NA,NA,NA,NA,NA,Pasture,Felled,El Pantano
SF9,B3.P3,238,R. pallescens,Adult,N4_Adult,N3_Adult,TBD,Veraguas,Pasture,Veraguas,Heteromys,Mammal,No,Yes,No,No,Two,Didelphis,NA,NA,NA,NA,Positive,Positive,Positive,NA,NA,NA,NA,NA,NA,Positive,Yes,Coinfection,N 08 32.454 W 081 03.801,Santa Fe,9-Jul-17,5.75,12.178,NA,NA,NA,NA,NA,NA,NA,NA,Pasture,Felled,El Pantano
SF9,A12.P3,235,R. pallescens,Adult,N4_Adult,N3_Adult,TBD,Veraguas,Pasture,Veraguas,Heteromys,Mammal,Yes,Yes,No,No,Four,Human,Didelphis,Thraupis,NA,NA,Positive,Positive,NA,NA,NA,NA,NA,NA,NA,NA,NA,Tcruzi,N 08 32.454 W 081 03.801,Santa Fe,9-Jul-17,5.75,12.178,NA,NA,NA,NA,NA,NA,NA,NA,Pasture,Felled,El Pantano
SF9,B5.P3,240,R. pallescens,N5,N4_Adult,N3_Adult,NA,Veraguas,Pasture,Veraguas,Didelphis,Mammal,No,Yes,No,No,One,NA,NA,NA,NA,NA,Positive,Positive,Positive,NA,NA,NA,NA,NA,NA,Negative,Yes,Coinfection,N 08 32.454 W 081 03.801,Santa Fe,9-Jul-17,5.75,12.178,NA,NA,NA,NA,NA,NA,NA,NA,Pasture,Felled,El Pantano
SF9,B6.P3,241,R. pallescens,N3,N1_N3,N3_Adult,NA,Veraguas,Pasture,Veraguas,Didelphis,Mammal,No,Yes,No,No,One,NA,NA,NA,NA,NA,Positive,Positive,NA,NA,NA,NA,NA,NA,NA,NA,NA,Tcruzi,N 08 32.454 W 081 03.801,Santa Fe,9-Jul-17,5.75,12.178,NA,NA,NA,NA,NA,NA,NA,NA,Pasture,Felled,El Pantano
SF9,B7.P3,242,R. pallescens,N3,N1_N3,N3_Adult,NA,Veraguas,Pasture,Veraguas,Didelphis,Mammal,No,Yes,No,No,Two,Heteromys,NA,NA,NA,NA,Positive,Positive,Positive,NA,NA,NA,NA,NA,NA,Positive,Yes,Coinfection,N 08 32.454 W 081 03.801,Santa Fe,9-Jul-17,5.75,12.178,NA,NA,NA,NA,NA,NA,NA,NA,Pasture,Felled,El Pantano
SF9,B8.P3,243,R. pallescens,N3,N1_N3,N3_Adult,NA,Veraguas,Pasture,Veraguas,Didelphis,Mammal,No,Yes,No,No,Two,Heteromys,NA,NA,NA,NA,Positive,Positive,Negative,NA,NA,NA,NA,NA,NA,Positive,No,Tcruzi,N 08 32.454 W 081 03.801,Santa Fe,9-Jul-17,5.75,12.178,NA,NA,NA,NA,NA,NA,NA,NA,Pasture,Felled,El Pantano
SF9,B9.P3,244,R. pallescens,N3,N1_N3,N3_Adult,NA,Veraguas,Pasture,Veraguas,Heteromys,Mammal,Yes,Yes,No,No,Three,Didelphis,Human,NA,NA,NA,Positive,Positive,Negative,NA,NA,NA,NA,NA,NA,Positive,No,Tcruzi,N 08 32.454 W 081 03.801,Santa Fe,9-Jul-17,5.75,12.178,NA,NA,NA,NA,NA,NA,NA,NA,Pasture,Felled,El Pantano
SF9,B10.P3,255,T. dimidiata,Adult,N4_Adult,N3_Adult,TBD,Veraguas,Pasture,Veraguas,Didelphis,Mammal,No,Yes,No,No,One,NA,NA,NA,NA,NA,Positive,Positive,Negative,NA,NA,NA,NA,NA,NA,Positive,No,Tcruzi,N 08 32.454 W 081 03.801,Santa Fe,9-Jul-17,5.75,12.178,NA,NA,NA,NA,NA,NA,NA,NA,Pasture,Felled,El Pantano
SF9,B11.P3,256,T. dimidiata,N4,N4_Adult,N3_Adult,NA,Veraguas,Pasture,Veraguas,Didelphis,Mammal,No,Yes,No,No,Two,Heteromys,NA,NA,NA,NA,Positive,Positive,Negative,NA,NA,NA,NA,NA,NA,Positive,No,Tcruzi,N 08 32.454 W 081 03.801,Santa Fe,9-Jul-17,5.75,12.178,NA,NA,NA,NA,NA,NA,NA,NA,Pasture,Felled,El Pantano
SF9,B12.P3,257,T. dimidiata,Adult,N4_Adult,N3_Adult,TBD,Veraguas,Pasture,Veraguas,Didelphis,Mammal,No,Yes,No,No,One,NA,NA,NA,NA,NA,Positive,Positive,Negative,NA,NA,NA,NA,NA,NA,Positive,No,Tcruzi,N 08 32.454 W 081 03.801,Santa Fe,9-Jul-17,5.75,12.178,NA,NA,NA,NA,NA,NA,NA,NA,Pasture,Felled,El Pantano
SF9,C1.P3,258,T. dimidiata,Adult,N4_Adult,N3_Adult,TBD,Veraguas,Pasture,Veraguas,Didelphis,Mammal,No,Yes,No,No,Two,Heteromys,NA,NA,NA,NA,Positive,Positive,Negative,NA,NA,NA,NA,NA,NA,Positive,No,Tcruzi,N 08 32.454 W 081 03.801,Santa Fe,9-Jul-17,5.75,12.178,NA,NA,NA,NA,NA,NA,NA,NA,Pasture,Felled,El Pantano
SF9,B4.P3,239,R. pallescens,N4,N4_Adult,N3_Adult,NA,Veraguas,Pasture,Veraguas,Didelphis,Mammal,No,Yes,No,No,One,NA,NA,NA,NA,NA,Positive,Positive,Positive,NA,NA,NA,NA,NA,NA,Negative,Yes,Coinfection,N 08 32.454 W 081 03.801,Santa Fe,9-Jul-17,5.75,12.178,NA,NA,NA,NA,NA,NA,NA,NA,Pasture,Felled,El Pantano
