Observed,Chao1,se.chao1,Shannon,Simpson,InvSimpson,Sample,Region,Age_Group,PalmID,ESPECIE,PROCEDENCIA,HABITAT,TypeBM,HumanBM,MammalBM,BirdBM,ReptileBM,NumberBM,FirstBM,SecondBM,ThirdBM,FourthBM,FifthBM,SingleInf_Tcruzi
56,56,-0,2.320673921719036,0.7472659746311114,3.9567288121985484,1,La Chorrera,N4_Adult,CC2,R. pallescens,Cerro Cama,Pasture,Mammal,Yes,Yes,No,No,Two,Human,Philander,NA,NA,NA,Positive
33,33,-0,1.3980205825644958,0.4575207960672487,1.8433886363761245,45,Capira,N4_Adult,CA2P16,R. pallescens,Capira,Peridomestic,Mammal,Yes,Yes,No,No,Two,Human,Philander,NA,NA,NA,Positive
52,53,2.3290616784204734,2.254784770476452,0.7806936691786093,4.559831885630462,218,Veraguas,N4_Adult,SF2,R. pallescens,Veraguas,Pasture,Mammal,No,Yes,No,No,Two,Heteromys,Didelphis,NA,NA,NA,Positive
39,39,-0,1.652473828803268,0.5274178227967641,2.116034095737694,10,La Chorrera,N1_N3,CC3,R. pallescens,Cerro Cama,Pasture,Mammal,No,Yes,No,No,Three,Heteromys,Other,Mus,NA,NA,Negative
34,34,-0,1.60595282937134,0.5415010175938568,2.181029922361288,110,La Chorrera,N4_Adult,HN9,R. pallescens,La Chorrera,Peridomestic,Mammal,Yes,Yes,No,No,One,Human,NA,NA,NA,NA,Positive
51,51,-0,1.9352378691539984,0.617530635401333,2.614588494033557,227,Veraguas,N1_N3,SF4,R. pallescens,Veraguas,Pasture,Mammal,No,Yes,No,No,Two,Heteromys,Leopardus,NA,NA,NA,Positive
44,44,-0,2.3221105656867094,0.718310724684351,3.5500109078680495,420,Veraguas,N1_N3,SF15,R. pallescens,Veraguas,Forest,Mammal,Yes,Yes,No,No,Three,Heteromys,Didelphis,Human,NA,NA,Negative
33,33,-0,1.5204184614002454,0.5175345037699715,2.0726870787941754,11,La Chorrera,N1_N3,CC3,R. pallescens,Cerro Cama,Pasture,Mammal,Yes,Yes,No,No,Three,Human,Mus,NA,NA,NA,Positive
34,34,-0,1.4367726948658173,0.4830147222950094,1.9342910584208823,111,La Chorrera,N4_Adult,HN9,R. pallescens,La Chorrera,Peridomestic,Mammal,Yes,Yes,No,No,Three,Human,Philander,Mus,NA,NA,Positive
46,46,-0,1.7347396307522736,0.5435584289596609,2.1908609194398343,228,Veraguas,N1_N3,SF4,R. pallescens,Veraguas,Pasture,Mammal,Yes,Yes,No,No,Two,Heteromys,Human,NA,NA,NA,Positive
35,35,-0,2.0908134459206207,0.7170313734300127,3.533960680099169,421,Veraguas,N1_N3,SF15,R. pallescens,Veraguas,Forest,Mammal,Yes,Yes,No,No,Three,Didelphis,Human,Heteromys,NA,NA,Positive
28,28,-0,1.335530475835478,0.45450762323248584,1.8332061869055127,12,La Chorrera,N1_N3,CC3,R. pallescens,Cerro Cama,Pasture,Mammal,No,Yes,No,No,Two,Mus,Bos,NA,NA,NA,Negative
28,28,-0,2.2382953178713154,0.8746989336313047,7.980778049067229,112,La Chorrera,N1_N3,HN9,R. pallescens,La Chorrera,Peridomestic,Mammal,No,Yes,No,No,One,Mus,NA,NA,NA,NA,Positive
43,43,-0,1.8682174147098096,0.6812339156601901,3.1370966019521176,235,Veraguas,N4_Adult,SF9,R. pallescens,Veraguas,Pasture,Mammal,Yes,Yes,No,No,Four,Heteromys,Human,Didelphis,Thraupis,NA,Positive
40,40,-0,2.307353091763714,0.7440040387249824,3.906311627024834,422,Veraguas,N1_N3,SF15,R. pallescens,Veraguas,Forest,Mammal,Yes,Yes,No,No,Three,Didelphis,Heteromys,Human,NA,NA,Negative
39,39,-0,1.9451631514276482,0.6378609253023919,2.7613700643461794,2,La Chorrera,N4_Adult,CC2,R. pallescens,Cerro Cama,Pasture,Bird,No,No,Yes,No,One,Piranga,NA,NA,NA,NA,Positive
40,40,-0,1.7169801558830489,0.5476038406697843,2.210452010645992,102,La Chorrera,N4_Adult,HN3,R. pallescens,La Chorrera,Peridomestic,Mammal,Yes,Yes,No,No,Three,Philander,Human,Mus,NA,NA,Positive
43,43,-0,1.6709421748597757,0.5305461617764489,2.1301348899054178,219,Veraguas,N4_Adult,SF3,R. pallescens,Veraguas,Pasture,Mammal,Yes,Yes,No,No,Two,Heteromys,Human,NA,NA,NA,Positive
48,48,-0,2.5489797009904467,0.7877589332562693,4.71162351067263,412,Veraguas,N4_Adult,SF15,R. pallescens,Veraguas,Forest,Mammal,Yes,Yes,No,No,Five,Heteromys,Mus,Human,Metachirus,Didelphis,Positive
37,37,-0,1.9110719023391654,0.6131673773360489,2.585097381687788,3,La Chorrera,N1_N3,CC2,R. pallescens,Cerro Cama,Pasture,Mix,Yes,Yes,Yes,No,Three,Human,Piranga,Other,NA,NA,Negative
32,32,-0,1.3606118209416818,0.4506831338937004,1.8204429204736774,103,La Chorrera,N1_N3,HN3,R. pallescens,La Chorrera,Peridomestic,Mammal,Yes,Yes,No,No,Four,Human,Procyon,Bos,Mus,NA,Negative
46,46,-0,2.1797854068919444,0.6749560928528817,3.0765074441078193,220,Veraguas,N4_Adult,SF3,R. pallescens,Veraguas,Pasture,Mix,No,Yes,Yes,No,Three,Heteromys,Metachirus,Piranga,NA,NA,Positive
33,33,-0,1.981013037085474,0.7427540057023252,3.8873297239483544,413,Veraguas,N4_Adult,SF15,R. pallescens,Veraguas,Forest,Mammal,Yes,Yes,No,No,Three,Didelphis,Human,Bos,NA,NA,Negative
39,39,0.12338702919820614,1.9196360305372437,0.6413451903746494,2.788196263266611,4,La Chorrera,N4_Adult,CC3,R. pallescens,Cerro Cama,Pasture,Mix,Yes,Yes,Yes,No,Three,Heteromys,Piranga,Human,NA,NA,Negative
31,31,-0,1.4421771644366639,0.5087752675386445,2.035728117738188,104,La Chorrera,N1_N3,HN3,R. pallescens,La Chorrera,Peridomestic,Mammal,Yes,Yes,No,No,Two,Human,Mus,NA,NA,NA,Negative
45,45,-0,2.1444478520994865,0.6700405996418959,3.030675891987628,221,Veraguas,N1_N3,SF3,R. pallescens,Veraguas,Pasture,Mammal,Yes,Yes,No,No,Four,Heteromys,Human,Didelphis,Other,NA,Negative
33,33,-0,2.026502878902952,0.7758866491474066,4.46202779172104,414,Veraguas,N4_Adult,SF15,R. pallescens,Veraguas,Forest,Mammal,No,Yes,No,No,Three,Didelphis,Marmosa,Heteromys,NA,NA,Positive
47,47,-0,2.256477507693654,0.7159692067717824,3.5207450172365795,5,La Chorrera,N4_Adult,CC3,R. pallescens,Cerro Cama,Pasture,Mammal,No,Yes,No,No,One,Mus,NA,NA,NA,NA,Negative
33,33,-0,1.4370358409058002,0.49159147234339773,1.9669221612180285,105,La Chorrera,N1_N3,HN3,R. pallescens,La Chorrera,Peridomestic,Mammal,Yes,Yes,No,No,Two,Human,Mus,NA,NA,NA,Positive
41,41,-0,1.849461633757853,0.598046400856064,2.4878493491033744,222,Veraguas,N1_N3,SF3,R. pallescens,Veraguas,Pasture,Mammal,Yes,Yes,No,No,Three,Heteromys,Didelphis,Human,NA,NA,Negative
42,42,-0,2.399991729887006,0.8090110825752316,5.2359059022045376,415,Veraguas,N4_Adult,SF15,R. pallescens,Veraguas,Forest,Mammal,Yes,Yes,No,No,Three,Didelphis,Heteromys,Human,NA,NA,Positive
36,36,-0,1.69611459863266,0.5690851403089949,2.3206440379360957,6,La Chorrera,N4_Adult,CC3,R. pallescens,Cerro Cama,Pasture,Mammal,Yes,Yes,No,No,Three,Human,Other,Potos,NA,NA,Negative
28,28,-0,1.4819868690508773,0.5164141107563389,2.067884986396154,106,La Chorrera,N1_N3,HN3,R. pallescens,La Chorrera,Peridomestic,Mammal,Yes,Yes,No,No,Three,Philander,Human,Mus,NA,NA,Negative
37,37,-0,1.7257384901438264,0.5727778051380508,2.340702360567048,223,Veraguas,N1_N3,SF3,R. pallescens,Veraguas,Pasture,Mammal,Yes,Yes,No,No,Four,Heteromys,Human,Metachirus,Didelphis,NA,Negative
52,52,-0,2.7119476907225466,0.8746967896834237,7.980641497320923,416,Veraguas,N1_N3,SF15,R. pallescens,Veraguas,Forest,Mammal,Yes,Yes,No,No,Three,Didelphis,Human,Heteromys,NA,NA,Negative
35,35,-0,1.6632873996356075,0.5440113437272052,2.1930370114333524,7,La Chorrera,N4_Adult,CC3,R. pallescens,Cerro Cama,Pasture,Mammal,Yes,Yes,No,No,Two,Human,Mus,NA,NA,NA,Negative
33,33,-0,1.2952649281967563,0.4314675335576871,1.7589145018536363,107,La Chorrera,N1_N3,HN3,R. pallescens,La Chorrera,Peridomestic,Mammal,Yes,Yes,No,No,Two,Philander,Human,NA,NA,NA,Negative
35,35,-0,1.6537394587522234,0.5535839072787658,2.240062614912167,224,Veraguas,N4_Adult,SF4,R. pallescens,Veraguas,Pasture,Mammal,No,Yes,No,No,Two,Heteromys,Didelphis,NA,NA,NA,Negative
53,53,-0,2.738226479459178,0.8759612891718762,8.061999301054213,417,Veraguas,N1_N3,SF15,R. pallescens,Veraguas,Forest,Mammal,Yes,Yes,No,No,Two,Didelphis,Human,NA,NA,NA,Negative
39,39,-0,1.8170121215144406,0.587689700562253,2.425357798152665,8,La Chorrera,N1_N3,CC3,R. pallescens,Cerro Cama,Pasture,Other,No,No,No,No,Three,Other,Piranga,Thraupis,NA,NA,Negative
54,54,-0,1.9884634994734987,0.6300513949351912,2.7030781743988923,108,La Chorrera,N4_Adult,HN3,R. pallescens,La Chorrera,Peridomestic,Mammal,Yes,Yes,No,No,Three,Human,Mus,Philander,NA,NA,Positive
39,39,-0,1.4773174791554675,0.48103089754566597,1.9268969872594557,225,Veraguas,N1_N3,SF4,R. pallescens,Veraguas,Pasture,Mix,Yes,Yes,Yes,No,Three,Heteromys,Human,Thraupis,NA,NA,Negative
58,58,-0,2.561768731334319,0.7925328233506945,4.82003956553745,418,Veraguas,N1_N3,SF15,R. pallescens,Veraguas,Forest,Mammal,Yes,Yes,No,No,Three,Didelphis,Heteromys,Human,NA,NA,Negative
36,36,-0,1.7906722901913288,0.5825813412267344,2.3956763287459615,9,La Chorrera,N1_N3,CC3,R. pallescens,Cerro Cama,Pasture,Bird,No,No,Yes,No,One,Thraupis,NA,NA,NA,NA,Negative
35,35,-0,1.6043781686240544,0.5354633149928409,2.15268251631104,109,La Chorrera,N4_Adult,HN3,R. pallescens,La Chorrera,Peridomestic,Mammal,Yes,Yes,No,No,Two,Human,Mus,NA,NA,NA,Positive
30,30,-0,1.3115507080705344,0.44599197702051774,1.8050280113669672,226,Veraguas,N1_N3,SF4,R. pallescens,Veraguas,Pasture,Mammal,No,Yes,No,No,Two,Heteromys,Metachirus,NA,NA,NA,Negative
41,41,-0,1.9718881216801953,0.6335124950101607,2.728605986246993,419,Veraguas,N1_N3,SF15,R. pallescens,Veraguas,Forest,Mammal,Yes,Yes,No,No,Four,Heteromys,Human,Mus,Bos,NA,Positive
66,66,-0,2.3305867528616204,0.683601995296244,3.160576189272437,13,La Chorrera,N1_N3,CC3,R. pallescens,Cerro Cama,Pasture,Mammal,Yes,Yes,No,No,One,Human,NA,NA,NA,NA,Negative
25,25,-0,1.217221421222182,0.42363734359604777,1.7350187228284535,113,La Chorrera,N1_N3,HN9,R. pallescens,La Chorrera,Peridomestic,Mix,No,Yes,Yes,No,Two,Turdus,Philander,NA,NA,NA,Negative
102,102,-0,3.2896834818170104,0.9214477214083768,12.730375463693305,236,Veraguas,N4_Adult,SF9,R. pallescens,Veraguas,Pasture,Mammal,No,Yes,No,No,One,Didelphis,NA,NA,NA,NA,Positive
38,38,-0,2.0309251482390884,0.7562800377947834,4.103069731965501,423,Veraguas,N1_N3,SF15,R. pallescens,Veraguas,Forest,Mammal,Yes,Yes,No,No,Four,Heteromys,Human,Metachirus,Didelphis,NA,Negative
55,55,-0,1.9172602095146682,0.5925552801505145,2.4543206753775357,24,Capira,N4_Adult,CA1P17,R. pallescens,Capira,Pasture,Mammal,No,Yes,No,No,Two,Mus,Other,NA,NA,NA,Negative
44,44,0.12357138165302015,1.8115362102784198,0.5865382642941113,2.418603497353231,122,La Chorrera,N1_N3,HN9,R. pallescens,La Chorrera,Peridomestic,Mix,No,Yes,Yes,No,Two,Philander,Turdus,NA,NA,NA,Negative
34,34,-0,1.7349355593247924,0.5723263262946894,2.3382313700446566,25,Capira,N1_N3,CA1P17,R. pallescens,Capira,Pasture,Mammal,Yes,Yes,No,No,Two,Human,Mus,NA,NA,NA,Positive
47,47,0.4946522526622413,2.079958460092214,0.6733444909851656,3.0613290527868817,123,La Chorrera,N1_N3,HN9,R. pallescens,La Chorrera,Peridomestic,Mammal,No,Yes,No,No,One,Philander,NA,NA,NA,NA,Negative
41,41,-0,1.6620047892752923,0.5449685783646978,2.197650431273905,26,Capira,N1_N3,CA1P17,R. pallescens,Capira,Pasture,Mix,Yes,Yes,Yes,No,Four,Piranga,Metachirus,Human,Mus,NA,Negative
30,30,-0,1.4075961516343258,0.46832337865834495,1.8808425269415798,124,La Chorrera,N1_N3,HN9,R. pallescens,La Chorrera,Peridomestic,Mammal,No,Yes,No,No,One,Philander,NA,NA,NA,NA,Positive
55,55,-0,1.8642285410933122,0.5731181882665567,2.3425687684825216,14,La Chorrera,N1_N3,CC3,R. pallescens,Cerro Cama,Pasture,Mix,Yes,Yes,Yes,No,Four,Human,Piranga,Metachirus,NA,NA,Negative
37,37,-0,1.4477571495290726,0.4677662104391733,1.8788735694987557,114,La Chorrera,N1_N3,HN9,R. pallescens,La Chorrera,Peridomestic,Mammal,Yes,Yes,No,No,Two,Philander,Human,NA,NA,NA,Negative
60,60,-0,2.267765043127758,0.7030108280733389,3.367126126224365,237,Veraguas,N4_Adult,SF9,R. pallescens,Veraguas,Pasture,Mammal,No,Yes,No,No,Two,Didelphis,Heteromys,NA,NA,NA,Positive
39,39,-0,1.5506300271962743,0.49613974914826076,1.9846772955587832,15,La Chorrera,N1_N3,CC3,R. pallescens,Cerro Cama,Pasture,Mammal,Yes,Yes,No,No,Two,Canis,Human,NA,NA,NA,Negative
33,33,-0,1.291316299888133,0.4306930906124653,1.756521804865865,115,La Chorrera,N1_N3,HN9,R. pallescens,La Chorrera,Peridomestic,Mammal,No,Yes,No,No,One,Philander,NA,NA,NA,NA,Negative
61,61,-0,2.5082661196211107,0.8208758954607606,5.582721558174976,238,Veraguas,N4_Adult,SF9,R. pallescens,Veraguas,Pasture,Mammal,No,Yes,No,No,Two,Heteromys,Didelphis,NA,NA,NA,Positive
45,45,-0,1.6905418376528958,0.5308335744598764,2.131439816582696,18,Capira,N4_Adult,CA1P17,R. pallescens,Capira,Pasture,Mammal,Yes,Yes,No,No,One,Human,NA,NA,NA,NA,Negative
39,39,0.24677405839641228,1.4348335719800256,0.4942974996500108,1.9774472131498555,116,La Chorrera,N1_N3,HN9,R. pallescens,La Chorrera,Peridomestic,Mammal,Yes,Yes,No,No,Two,Philander,Human,NA,NA,NA,Positive
77,77,-0,2.9498059212055345,0.9116940292571971,11.324262579169956,239,Veraguas,N4_Adult,SF9,R. pallescens,Veraguas,Pasture,Mammal,No,Yes,No,No,One,Didelphis,NA,NA,NA,NA,Positive
45,45,-0,1.6945970751795878,0.5575962422278589,2.2603786302263895,19,Capira,N4_Adult,CA1P17,R. pallescens,Capira,Pasture,Mammal,Yes,Yes,No,No,Three,Mus,Human,Metachirus,NA,NA,Positive
42,42,-0,2.297216167323787,0.8010928068875234,5.027470270693163,117,La Chorrera,N4_Adult,HN9,R. pallescens,La Chorrera,Peridomestic,Mammal,No,Yes,No,No,One,Philander,NA,NA,NA,NA,Positive
61,61,-0,2.6950384404079295,0.8441437233712578,6.41616764900686,240,Veraguas,N4_Adult,SF9,R. pallescens,Veraguas,Pasture,Mammal,No,Yes,No,No,One,Didelphis,NA,NA,NA,NA,Positive
42,42,-0,1.6679557257114832,0.570401162383038,2.3277530394335417,20,Capira,N1_N3,CA1P17,R. pallescens,Capira,Pasture,Mammal,No,Yes,No,No,One,Metachirus,NA,NA,NA,NA,Negative
43,43,-0,2.012518212251458,0.6798695755437,3.123726842577897,118,La Chorrera,N1_N3,HN9,R. pallescens,La Chorrera,Peridomestic,Mammal,No,Yes,No,No,One,Philander,NA,NA,NA,NA,Negative
59,59,0.1239361508661836,2.365159793717039,0.8007850161008351,5.019702737351134,241,Veraguas,N1_N3,SF9,R. pallescens,Veraguas,Pasture,Mammal,No,Yes,No,No,One,Didelphis,NA,NA,NA,NA,Positive
36,36,-0,1.5639742601861804,0.5216344166616149,2.090451392889238,21,Capira,N1_N3,CA1P17,R. pallescens,Capira,Pasture,Mammal,Yes,Yes,No,No,Three,Metachirus,Human,Mus,NA,NA,Positive
44,44,-0,1.51690959318533,0.4867613304480085,1.9484112545005714,119,La Chorrera,N1_N3,HN9,R. pallescens,La Chorrera,Peridomestic,Mix,No,Yes,Yes,No,Two,Philander,Turdus,NA,NA,NA,Positive
64,64,0.24803918541230538,2.426336946050661,0.8288241259165396,5.841944756259454,242,Veraguas,N1_N3,SF9,R. pallescens,Veraguas,Pasture,Mammal,No,Yes,No,No,Two,Didelphis,Heteromys,NA,NA,NA,Positive
44,44,-0,1.750368229659561,0.5692417955233566,2.3214879939778883,22,Capira,N1_N3,CA1P17,R. pallescens,Capira,Pasture,Other,Yes,No,No,No,Three,Other,Human,Metachirus,NA,NA,Negative
43,43,-0,2.135654851540239,0.716895728235702,3.5322674354859704,120,La Chorrera,N1_N3,HN9,R. pallescens,La Chorrera,Peridomestic,Mammal,No,Yes,No,No,One,Philander,NA,NA,NA,NA,Positive
61,61,-0,2.095255576339194,0.6305092564349766,2.7064277452569487,243,Veraguas,N1_N3,SF9,R. pallescens,Veraguas,Pasture,Mammal,No,Yes,No,No,Two,Didelphis,Heteromys,NA,NA,NA,Positive
46,46,-0,1.9075035223403456,0.6159217040930305,2.603635796806955,23,Capira,N1_N3,CA1P17,R. pallescens,Capira,Pasture,Mammal,Yes,Yes,No,No,One,Human,NA,NA,NA,NA,Negative
41,41,-0,1.4675229149190958,0.48409605764488484,1.9383453350539899,121,La Chorrera,N4_Adult,HN9,R. pallescens,La Chorrera,Peridomestic,Mammal,No,Yes,No,No,One,Philander,NA,NA,NA,NA,Positive
67,67.5,1.295826634495011,2.259731437297032,0.665271263272672,2.9874937233566716,244,Veraguas,N1_N3,SF9,R. pallescens,Veraguas,Pasture,Mammal,Yes,Yes,No,No,Three,Heteromys,Didelphis,Human,NA,NA,Positive
48,48,-0,1.8371393794607296,0.5840392028379209,2.4040727078671074,27,Capira,N1_N3,CA1P17,R. pallescens,Capira,Pasture,Mammal,Yes,Yes,No,No,Two,Human,Mus,NA,NA,NA,Negative
33,33,-0,1.5551062607269763,0.505915250460877,2.023944274606309,125,La Chorrera,N1_N3,HN9,R. pallescens,La Chorrera,Peridomestic,Mix,Yes,Yes,Yes,No,Four,Philander,Thraupis,Other,Human,NA,Negative
56,56,-0,1.8293007353835675,0.5670884296068073,2.3099405707538563,36,Capira,N1_N3,CA3P17,R. pallescens,Capira,Pasture,Mammal,Yes,Yes,No,No,Three,Human,Mus,Other,NA,NA,Negative
37,37,-0,1.572598600290392,0.5187651591999879,2.0779875337737077,134,La Chorrera,N1_N3,CHOR1P6,R. pallescens,La Chorrera,Pasture,Bird,No,No,Yes,No,One,Thraupis,NA,NA,NA,NA,Negative
48,48,0.16492141787552664,2.0911193710135914,0.6822336028570621,3.146965849728219,266,Veraguas,N1_N3,SF10,R. pallescens,Veraguas,Forest,Mammal,No,Yes,No,No,Two,Heteromys,Didelphis,NA,NA,NA,Positive
35,35,-0,1.3903357461299688,0.47701339297059653,1.912094853977356,37,Capira,N1_N3,CA3P17,R. pallescens,Capira,Pasture,Mammal,No,Yes,No,No,Two,Philander,Mus,NA,NA,NA,Negative
30,30,0.1638653467083625,1.0484315226333656,0.3459947247818842,1.52903965440721,135,La Chorrera,N1_N3,CHOR1P6,R. pallescens,La Chorrera,Pasture,Mix,No,Yes,Yes,No,Two,Philander,Thraupis,NA,NA,NA,Negative
39,39,-0,1.5788010305189126,0.5146686226199602,2.0604478642990105,267,Veraguas,N1_N3,SF10,R. pallescens,Veraguas,Forest,Mammal,Yes,Yes,No,No,Three,Heteromys,Human,Other,NA,NA,Positive
40,40,-0,1.6989968228262424,0.5718262314901068,2.335500382193297,38,Capira,N1_N3,CA3P17,R. pallescens,Capira,Pasture,Mammal,No,Yes,No,No,One,Mus,NA,NA,NA,NA,Negative
31,31,-0,1.6297360479402936,0.5987767129316142,2.4923777662724667,136,Capira,N4_Adult,CAM1P17,R. pallescens,Campana,Peridomestic,Mammal,No,Yes,No,No,One,Philander,NA,NA,NA,NA,Positive
41,41,-0,1.764989686250697,0.578732032,2.373785988874426,268,Veraguas,N1_N3,SF10,R. pallescens,Veraguas,Forest,Mix,No,Yes,Yes,No,Four,Heteromys,Thraupis,Piranga,Didelphis,NA,Positive
38,38,-0,1.6222011222723307,0.557661204279739,2.2607105903331366,28,Capira,N1_N3,CA1P17,R. pallescens,Capira,Pasture,Mammal,Yes,Yes,No,No,Two,Human,Mus,NA,NA,NA,Negative
43,43,-0,1.5240745448472393,0.4853499595281343,1.9430679517349942,126,La Chorrera,N1_N3,HN9,R. pallescens,La Chorrera,Peridomestic,Mix,No,Yes,Yes,No,Two,Philander,Thraupis,NA,NA,NA,Positive
52,52,-0,2.1771413058153866,0.7364327122948078,3.794097547942024,259,Veraguas,N4_Adult,SF10,R. pallescens,Veraguas,Forest,Mammal,Yes,Yes,No,No,Three,Heteromys,Human,Thraupis,NA,NA,Positive
37,37,-0,1.497609111518186,0.5037121025586456,2.014959472426322,29,Capira,N1_N3,CA1P17,R. pallescens,Capira,Pasture,Mammal,Yes,Yes,No,No,Two,Human,Bos,NA,NA,NA,Negative
23,23,-0,1.0916550207893092,0.3689794139333703,1.5847343526989301,127,La Chorrera,N1_N3,HN9,R. pallescens,La Chorrera,Peridomestic,Mix,No,Yes,Yes,No,Three,Philander,Thraupis,Mus,NA,NA,Negative
53,53,0.2476302782718243,2.434565841945692,0.8067953661130238,5.175859294270321,260,Veraguas,N4_Adult,SF10,R. pallescens,Veraguas,Forest,Mammal,No,Yes,No,No,Two,Didelphis,Heteromys,NA,NA,NA,Positive
47,47,-0,1.7944468048804016,0.5657806107386205,2.302983295382158,30,Capira,N4_Adult,CA1P17,R. pallescens,Capira,Pasture,Mammal,Yes,Yes,No,No,Two,Human,Mus,NA,NA,NA,Negative
38,38,-0,1.3854810852514492,0.4628271456961264,1.8615981652608034,128,La Chorrera,N1_N3,HN9,R. pallescens,La Chorrera,Peridomestic,Mammal,No,Yes,No,No,One,Philander,NA,NA,NA,NA,Positive
65,65,-0,2.5345438798375364,0.8411661741321899,6.295888136776685,261,Veraguas,N4_Adult,SF10,R. pallescens,Veraguas,Forest,Mix,No,Yes,Yes,No,Three,Heteromys,Didelphis,Thraupis,NA,NA,Positive
47,47,-0,1.8086020773248217,0.5776948121353934,2.3679557550702066,31,Capira,N1_N3,CA1P17,R. pallescens,Capira,Pasture,Mammal,No,Yes,No,No,One,Mus,NA,NA,NA,NA,Positive
31,31,-0,1.4330657700089235,0.4853764772393673,1.9431680748591253,129,La Chorrera,N1_N3,HN9,R. pallescens,La Chorrera,Peridomestic,Mix,No,Yes,Yes,No,Two,Philander,Thraupis,NA,NA,NA,Positive
53,53,-0,2.0610233037126195,0.7302393168987823,3.7069894267163725,262,Veraguas,N4_Adult,SF10,R. pallescens,Veraguas,Forest,Mammal,No,Yes,No,No,Two,Didelphis,Heteromys,NA,NA,NA,Positive
29,29,-0,1.3239562668121216,0.4572745385539393,1.8425522129283518,32,Capira,N1_N3,CA1P17,R. pallescens,Capira,Pasture,Mammal,Yes,Yes,No,No,Four,Mus,Human,Metachirus,Philander,NA,Negative
30,30,-0,1.1876049484971958,0.4005370507055721,1.6681598106722142,130,La Chorrera,N1_N3,HN9,R. pallescens,La Chorrera,Peridomestic,Mix,No,Yes,Yes,No,Two,Philander,Thraupis,NA,NA,NA,Positive
47,47,-0,2.0129824675935626,0.6642350300136465,2.9782737610794925,263,Veraguas,N4_Adult,SF10,R. pallescens,Veraguas,Forest,Mammal,Yes,Yes,No,No,Three,Heteromys,Human,Didelphis,NA,NA,Positive
42,42,-0,1.510453530933755,0.49800862988315264,1.9920661181231707,33,Capira,N1_N3,CA1P17,R. pallescens,Capira,Pasture,Mammal,Yes,Yes,No,No,Two,Mus,Human,NA,NA,NA,Negative
29,29.2,0.6200220941710658,1.2168802610824114,0.4270059261478223,1.7452187476863543,131,La Chorrera,N1_N3,HN9,R. pallescens,La Chorrera,Peridomestic,Mix,Yes,Yes,Yes,No,Four,Human,Philander,Bos,Thraupis,NA,Positive
55,55,-0,2.0559951837006136,0.6464817978886233,2.828708660622085,264,Veraguas,N4_Adult,SF10,R. pallescens,Veraguas,Forest,Mammal,Yes,Yes,No,No,Three,Heteromys,Human,Didelphis,NA,NA,Positive
44,44,-0,1.7898327699779832,0.5809751316713849,2.3864932026319794,34,Capira,N1_N3,CA3P17,R. pallescens,Capira,Pasture,Mammal,Yes,Yes,No,No,Three,Mus,Philander,Human,NA,NA,Negative
23,23,-0,1.0317685411820048,0.37383313765896886,1.597018398995645,132,La Chorrera,N1_N3,CHOR1P4,R. pallescens,La Chorrera,Pasture,Mix,No,Yes,Yes,No,Two,Philander,Thraupis,NA,NA,NA,Negative
46,46,-0,1.6993060461991836,0.544716584047448,2.1964340561533136,264.5,Veraguas,N1_N3,SF10,R. pallescens,Veraguas,Forest,Mammal,Yes,Yes,No,No,Three,Heteromys,Didelphis,Human,NA,NA,Negative
42,42,-0,1.5642128053317024,0.5239292790733119,2.100528253561709,35,Capira,N1_N3,CA3P17,R. pallescens,Capira,Pasture,Mammal,Yes,Yes,No,No,Three,Human,Philander,Mus,NA,NA,Negative
41,41.5,1.2938105669426765,1.5318569035066203,0.4980459721130732,1.9922143153421734,133,La Chorrera,N4_Adult,CHOR1P6,R. pallescens,La Chorrera,Pasture,Bird,No,No,Yes,No,One,Thraupis,NA,NA,NA,NA,Negative
55,55,-0,1.8248384421512869,0.5656745989857825,2.3024211746880203,265,Veraguas,N4_Adult,SF10,R. pallescens,Veraguas,Forest,Mammal,No,Yes,No,No,Two,Heteromys,Didelphis,NA,NA,NA,Positive
48,48,-0,1.730490937769703,0.5432991534571288,2.189617136840863,39,Capira,N1_N3,CA3P17,R. pallescens,Capira,Pasture,Mammal,No,Yes,No,No,Two,Philander,Bos,NA,NA,NA,Negative
35,35,-0,1.5182242769844692,0.4907915930835064,1.9638324631274058,137,Capira,N1_N3,CAM1P17,R. pallescens,Campana,Peridomestic,Mammal,No,Yes,No,No,One,Philander,NA,NA,NA,NA,Positive
53,53,-0,2.2816525607542966,0.802112558183437,5.05337777284006,293,Veraguas,N4_Adult,SF12,R. pallescens,Veraguas,Peridomestic,Mammal,No,Yes,No,No,Two,Didelphis,Philander,NA,NA,NA,Positive
41,41,-0,1.5256117768458493,0.497004269549041,1.98808844580739,50,Capira,N1_N3,CA7P17,R. pallescens,Capira,Pasture,Mammal,No,Yes,No,No,Three,Mus,Other,Philander,NA,NA,Negative
38,38,-0,1.457714584999229,0.491833142975327,1.9678575770466806,146,La Chorrera,N4_Adult,CHOR1P3,R. pallescens,La Chorrera,Pasture,Mammal,No,Yes,No,No,One,Philander,NA,NA,NA,NA,Positive
38,38,-0,1.5087430566455597,0.4797412212231318,1.9221203769997048,51,Capira,N1_N3,CA7P17,R. pallescens,Capira,Pasture,Mammal,No,Yes,No,No,Two,Mus,Philander,NA,NA,NA,Negative
33,33,-0,1.2803193638345896,0.42205228516118176,1.7302603234254268,147,La Chorrera,N4_Adult,CHOR1P3,R. pallescens,La Chorrera,Pasture,Mammal,No,Yes,No,No,One,Philander,NA,NA,NA,NA,Positive
30,30,-0,1.549690103450978,0.5260638135958079,2.1099887045703642,52,Capira,N1_N3,CA7P17,R. pallescens,Capira,Pasture,Other,No,No,No,No,Two,Other,Philander,NA,NA,NA,Negative
30,30,-0,1.5528362246613232,0.5222978932901188,2.093354804079442,148,La Chorrera,N4_Adult,CHOR1P3,R. pallescens,La Chorrera,Pasture,Mammal,No,Yes,No,No,One,Philander,NA,NA,NA,NA,Positive
45,45,-0,1.500789372814224,0.47420870003885807,1.9018952958596005,40,Capira,N1_N3,CA3P17,R. pallescens,Capira,Pasture,Mix,No,Yes,No,Yes,Two,Mus,Mabuya,NA,NA,NA,Negative
41,41,-0,1.5705711015726056,0.5109880024962214,2.044939602923082,138,Capira,N1_N3,CAM1P17,R. pallescens,Campana,Peridomestic,Mammal,No,Yes,No,No,Two,Philander,Heteromys,NA,NA,NA,Positive
39,39,-0,1.8725986391037728,0.7542785477148412,4.069648745358641,294,Veraguas,N4_Adult,SF12,R. pallescens,Veraguas,Peridomestic,Mammal,No,Yes,No,No,Two,Didelphis,Heteromys,NA,NA,NA,Positive
27,27,-0,1.1878777484486038,0.3983921576628855,1.66221237428558,41,Capira,N1_N3,CA3P17,R. pallescens,Capira,Pasture,Mammal,No,Yes,No,No,One,Philander,NA,NA,NA,NA,Negative
45,45,-0,2.3069011535765283,0.800932374400319,5.023418534216956,139,Capira,N1_N3,CAM1P17,R. pallescens,Campana,Peridomestic,Mammal,Yes,Yes,No,No,Four,Philander,Bos,Leopardus,Human,NA,Positive
41,41,-0,1.540077205464996,0.5076052144756621,2.0308907189890872,42,Capira,N1_N3,CA3P17,R. pallescens,Capira,Pasture,Mammal,No,Yes,No,No,One,Philander,NA,NA,NA,NA,Negative
34,34,-0,1.1917436424549375,0.40468197082754676,1.679774424755944,140,Capira,N1_N3,CAM1P17,R. pallescens,Campana,Peridomestic,Mammal,No,Yes,No,No,One,Philander,NA,NA,NA,NA,Negative
45,45,-0,2.002738651821363,0.7585825963349293,4.142203440259615,296,Veraguas,N4_Adult,SF12,R. pallescens,Veraguas,Peridomestic,Mammal,No,Yes,No,No,One,Didelphis,NA,NA,NA,NA,Positive
36,36,-0,1.4185822804152854,0.4728995666980479,1.897171652346461,43,Capira,N4_Adult,CA3P17,R. pallescens,Capira,Pasture,Mammal,No,Yes,No,No,One,Philander,NA,NA,NA,NA,Negative
31,31,0.24593468841898236,1.2561269350378472,0.41870062535731034,1.720283976934734,141,Capira,N1_N3,CAM1P17,R. pallescens,Campana,Peridomestic,Mammal,No,Yes,No,No,Two,Philander,Mus,NA,NA,NA,Negative
39,39,-0,2.116354365939114,0.8099375568103939,5.261428734778501,297,Veraguas,N4_Adult,SF12,R. pallescens,Veraguas,Peridomestic,Mammal,No,Yes,No,No,One,Didelphis,NA,NA,NA,NA,Positive
30,30,-0,1.3811542560799717,0.47237163538408067,1.8952733913915676,44,Capira,N1_N3,CA3P17,R. pallescens,Capira,Pasture,Mammal,No,Yes,No,No,One,Philander,NA,NA,NA,NA,Negative
34,34,-0,1.3525507125970748,0.44947348186698355,1.8164429270206075,142,Capira,N4_Adult,CAM2P17,R. pallescens,Campana,Peridomestic,Mammal,No,Yes,No,No,Two,Philander,Coendou,NA,NA,NA,Positive
36,36,-0,1.9038832850273864,0.6791289746222732,3.116516983179793,298,Veraguas,N4_Adult,SF12,R. pallescens,Veraguas,Peridomestic,Mammal,No,Yes,No,No,Two,Didelphis,Heteromys,NA,NA,NA,Positive
36,36,-0,1.3034246101203533,0.4253859653938118,1.7402986000600387,47,Capira,N1_N3,CA7P17,R. pallescens,Capira,Pasture,Mammal,No,Yes,No,No,Two,Mus,Philander,NA,NA,NA,Negative
42,42,-0,1.4166031483983292,0.4505777321278921,1.8200936847226141,143,Capira,N4_Adult,CAM2P17,R. pallescens,Campana,Peridomestic,Mammal,No,Yes,No,No,Two,Philander,Tamandua,NA,NA,NA,Positive
39,39,-0,2.1681206919554104,0.790423478399608,4.771526850258257,299,Veraguas,N4_Adult,SF12,R. pallescens,Veraguas,Peridomestic,Mammal,No,Yes,No,No,One,Didelphis,NA,NA,NA,NA,Positive
44,44,-0,1.6412563088817276,0.5451766792024769,2.19865594896612,48,Capira,N1_N3,CA7P17,R. pallescens,Capira,Pasture,Other,No,No,No,No,Two,Other,Philander,NA,NA,NA,Negative
47,47,-0,1.5840776801008865,0.4899154289651758,1.960459219480545,144,La Chorrera,N1_N3,CHOR1P3,R. pallescens,La Chorrera,Pasture,Mammal,No,Yes,No,No,Two,Philander,Other,NA,NA,NA,Negative
40,40,-0,1.5603115870440614,0.5202170588402806,2.0842758552082428,300,Veraguas,N1_N3,SF12,R. pallescens,Veraguas,Peridomestic,Mammal,No,Yes,No,No,Two,Didelphis,Heteromys,NA,NA,NA,Positive
38,38,-0,1.5038785397737569,0.5075412353386464,2.030626870226717,49,Capira,N1_N3,CA7P17,R. pallescens,Capira,Pasture,Mix,Yes,Yes,Yes,No,Four,Philander,Other,Thraupis,Human,NA,Negative
42,42,-0,1.6213280732475568,0.503456904253748,2.013923884083224,145,La Chorrera,N4_Adult,CHOR1P3,R. pallescens,La Chorrera,Pasture,Mammal,No,Yes,No,No,One,Philander,NA,NA,NA,NA,Positive
35,35,-0,1.5540052932043764,0.5242758224303783,2.102058392551745,301,Veraguas,N1_N3,SF12,R. pallescens,Veraguas,Peridomestic,Mammal,Yes,Yes,No,No,Three,Didelphis,Heteromys,Human,NA,NA,Positive
119,119,-0,3.615174713690954,0.932594736415876,14.835636667334837,53,Capira,N1_N3,CA7P17,R. pallescens,Capira,Pasture,Other,Yes,No,No,No,Three,Other,Human,Mus,NA,NA,Negative
32,32,-0,1.3111640025219096,0.4605483326237948,1.853734190615849,149,La Chorrera,N4_Adult,CHOR1P3,R. pallescens,La Chorrera,Pasture,Mammal,No,Yes,No,No,One,Philander,NA,NA,NA,NA,Positive
71,71,-0,2.534166676309547,0.7190551610384269,3.559417584235379,341,Veraguas,N1_N3,SF6,R. pallescens,Veraguas,Pasture,Mammal,Yes,Yes,No,No,Three,Heteromys,Human,Didelphis,NA,NA,Negative
117,117,-0,3.2661208711352545,0.894798230027583,9.50554349287271,62,Capira,N1_N3,CA8P17,R. pallescens,Capira,Pasture,Other,No,No,No,No,One,Other,NA,NA,NA,NA,Negative
65,65,-0,2.1278791693067713,0.6193532867803166,2.6271079330793223,159,La Chorrera,N4_Adult,CHOR1P3,R. pallescens,La Chorrera,Pasture,Mammal,No,Yes,No,No,One,Philander,NA,NA,NA,NA,Positive
33,33,-0,1.3416573031779875,0.43908900451645805,1.7828140436753868,356,Veraguas,N1_N3,SF7,R. pallescens,Veraguas,Pasture,Mix,Yes,Yes,Yes,No,Four,Heteromys,Piranga,Human,Thraupis,NA,Negative
47,47,-0,1.81203540145164,0.6170924145355273,2.61159621266574,63,Capira,N1_N3,CA9P17,R. pallescens,Capira,Pasture,Mammal,No,Yes,No,No,One,Mus,NA,NA,NA,NA,Negative
44,44,-0,1.4775387376390752,0.470425682444121,1.888309094397281,160,La Chorrera,N4_Adult,CHOR1P3,R. pallescens,La Chorrera,Pasture,Mammal,No,Yes,No,No,One,Philander,NA,NA,NA,NA,Positive
47,47,-0,1.674114122272566,0.5130176626053076,2.0534625657059795,359,Veraguas,N4_Adult,SF8,R. pallescens,Veraguas,Pasture,Mix,Yes,Yes,Yes,No,Four,Heteromys,Thraupis,Human,Bos,NA,Positive
51,51,-0,1.9551143255210799,0.6287177655573126,2.6933688370547775,64,Capira,N1_N3,CA9P17,R. pallescens,Capira,Pasture,Mix,No,Yes,Yes,No,Three,Other,Mus,Piranga,NA,NA,Negative
33,33,-0,1.316980203971144,0.4281333718075785,1.7486594788033694,161,La Chorrera,N4_Adult,CHOR1P3,R. pallescens,La Chorrera,Pasture,Mammal,Yes,Yes,No,No,Three,Philander,Mus,Human,NA,NA,Negative
44,44,-0,1.7879442537535664,0.5770364756114981,2.364270066658222,360,Veraguas,N4_Adult,SF8,R. pallescens,Veraguas,Pasture,Mammal,Yes,Yes,No,No,Two,Heteromys,Human,NA,NA,NA,Positive
51,51,0.24753688574416857,1.9179799296412057,0.6147840785329426,2.595946699688832,54,Capira,N1_N3,CA7P17,R. pallescens,Capira,Pasture,Mammal,Yes,Yes,No,No,Three,Mus,Human,Other,NA,NA,Positive
53,53,-0,2.014595612476977,0.658811192093026,2.9309284971406573,150,La Chorrera,N1_N3,CHOR1P3,R. pallescens,La Chorrera,Pasture,Mammal,No,Yes,No,No,Two,Philander,Other,NA,NA,NA,Negative
47,47,-0,1.496926147207906,0.4874429960240123,1.9510025075120192,342,Veraguas,N1_N3,SF6,R. pallescens,Veraguas,Pasture,Mix,No,Yes,No,Yes,Two,Heteromys,Other,Lepidodactylus,NA,NA,Negative
51,51,-0,1.9306311359750383,0.6045158611367569,2.528546411176799,55,Capira,N1_N3,CA7P17,R. pallescens,Capira,Pasture,Other,No,No,No,No,One,Other,NA,NA,NA,NA,Negative
60,60,-0,2.4125161190709417,0.7526296279524485,4.042521308120811,151,La Chorrera,N1_N3,CHOR1P3,R. pallescens,La Chorrera,Pasture,Mammal,Yes,Yes,No,No,Three,Philander,Human,Mus,NA,NA,Positive
44,44,-0,1.9288493315576525,0.6091358672547561,2.5584337784500084,343,Veraguas,N1_N3,SF6,R. pallescens,Veraguas,Pasture,Mammal,Yes,Yes,No,No,Two,Heteromys,Human,NA,NA,NA,Negative
54,54,-0,1.7013728625600117,0.5465012271327503,2.205077631583194,56,Capira,N1_N3,CA7P17,R. pallescens,Capira,Pasture,Mammal,Yes,Yes,No,No,Three,Human,Other,Mus,NA,NA,Negative
47,47,-0,1.4366496118576324,0.4670769267520678,1.8764434309541882,152,La Chorrera,N1_N3,CHOR1P3,R. pallescens,La Chorrera,Pasture,Mammal,No,Yes,No,No,Two,Philander,Mus,NA,NA,NA,Positive
49,49,-0,1.8453674458885878,0.583766267662631,2.402496295493591,344,Veraguas,N1_N3,SF6,R. pallescens,Veraguas,Pasture,Mammal,Yes,Yes,No,No,Three,Heteromys,Human,Didelphis,NA,NA,Negative
56,56,-0,1.7755896111627771,0.5486855952995868,2.2157502388247714,57,Capira,N4_Adult,CA7P17,R. pallescens,Capira,Pasture,Mammal,Yes,Yes,No,No,Three,Bos,Mus,Human,NA,NA,Positive
57,57,-0,1.6583163256890818,0.530668674908964,2.1306909352492727,153,La Chorrera,N1_N3,CHOR1P3,R. pallescens,La Chorrera,Pasture,Mammal,No,Yes,No,No,Two,Philander,Other,NA,NA,NA,Positive
49,49,-0,1.5855624479140653,0.49626530868880214,1.9851719908292333,345,Veraguas,N1_N3,SF6,R. pallescens,Veraguas,Pasture,Mix,Yes,Yes,Yes,No,Three,Heteromys,Piranga,Human,NA,NA,Negative
52,52,-0,1.8846345975332004,0.5798112221344648,2.379882692440707,58,Capira,N4_Adult,CA7P17,R. pallescens,Capira,Pasture,Mammal,Yes,Yes,No,No,Two,Human,Other,NA,NA,NA,Positive
38,38,-0,1.2419804847411595,0.41880787368096906,1.720601423721069,154,La Chorrera,N1_N3,CHOR1P3,R. pallescens,La Chorrera,Pasture,Mammal,Yes,Yes,No,No,Two,Philander,Human,NA,NA,NA,Negative
40,40,-0,1.6132319385474179,0.5440340115026225,2.1931460355090757,346,Veraguas,N1_N3,SF6,R. pallescens,Veraguas,Pasture,Mix,No,Yes,Yes,No,Two,Heteromys,Piranga,NA,NA,NA,Negative
49,49,-0,1.6088672402248918,0.5048334423486511,2.0195224910647314,59,Capira,N4_Adult,CA7P17,R. pallescens,Capira,Pasture,Mammal,No,Yes,No,No,One,Mus,NA,NA,NA,NA,Positive
41,41,-0,1.190146811679981,0.39572234800480366,1.6548684147067372,155,La Chorrera,N1_N3,CHOR1P3,R. pallescens,La Chorrera,Pasture,Mammal,No,Yes,No,No,Two,Philander,Procyon,NA,NA,NA,Negative
58,58,-0,2.0693320827734127,0.6612608295055791,2.9521238968035735,347,Veraguas,N4_Adult,SF7,R. pallescens,Veraguas,Pasture,Mix,No,Yes,Yes,No,Three,Heteromys,Piranga,Other,NA,NA,Positive
61,61,-0,1.9556603909457677,0.5884343926682831,2.4297462717627227,60,Capira,N4_Adult,CA8P17,R. pallescens,Capira,Pasture,Other,No,No,No,No,One,Other,NA,NA,NA,NA,Negative
47,47,-0,1.4824678884098816,0.4783519367041399,1.9170012703235817,157,La Chorrera,N1_N3,CHOR1P3,R. pallescens,La Chorrera,Pasture,Mammal,Yes,Yes,No,No,Two,Philander,Human,NA,NA,NA,Negative
73,73,-0,2.0406478508194246,0.5877592403214027,2.42576692508438,348,Veraguas,N4_Adult,SF7,R. pallescens,Veraguas,Pasture,Mammal,Yes,Yes,No,No,Three,Didelphis,Heteromys,Human,NA,NA,Positive
51,51,-0,1.5702612304808305,0.4996261434927215,1.99850569128496,61,Capira,N1_N3,CA8P17,R. pallescens,Capira,Pasture,Mammal,Yes,Yes,No,No,Four,Human,Mus,Potos,Other,NA,Negative
47,47,-0,1.5520768654066612,0.5040162172477487,2.0161949538973327,158,La Chorrera,N1_N3,CHOR1P3,R. pallescens,La Chorrera,Pasture,Mammal,No,Yes,No,No,One,Philander,NA,NA,NA,NA,Negative
37,37,-0,1.393121532753879,0.4586213816356979,1.8471361189353148,353,Veraguas,N1_N3,SF7,R. pallescens,Veraguas,Pasture,Mammal,Yes,Yes,No,No,Two,Heteromys,Human,NA,NA,NA,Negative
40,40,-0,1.7054632746386333,0.5364723178242935,2.1573684559813113,65,Capira,N1_N3,CA9P17,R. pallescens,Capira,Pasture,Mammal,Yes,Yes,No,No,Two,Human,Potos,NA,NA,NA,Negative
29,29,-0,1.3537045944160562,0.466423524551689,1.8741455930188824,162,La Chorrera,N4_Adult,CHOR1P3,R. pallescens,La Chorrera,Pasture,Mammal,No,Yes,No,No,One,Philander,NA,NA,NA,NA,Positive
38,38,-0,1.9525883716709467,0.743835066981479,3.9037349422362153,361,Veraguas,N4_Adult,SF8,R. pallescens,Veraguas,Pasture,Mix,Yes,Yes,Yes,No,Four,Heteromys,Thraupis,Other,Human,NA,Positive
39,39,-0,1.5213972685401218,0.500866758159648,2.003473053233049,74,La Chorrera,N1_N3,LP1,R. pallescens,Las Pavas,Peridomestic,Other,Yes,No,No,No,Two,Other,Human,NA,NA,NA,Negative
27,27,-0,1.2556342741730764,0.4506383111792608,1.8202943895607315,171,La Chorrera,N1_N3,CHOR1P1,R. pallescens,La Chorrera,Pasture,Mammal,Yes,Yes,No,No,Four,Philander,Other,Human,Bos,NA,Negative
42,42,-0,1.6325473622699747,0.5179111999854048,2.074306642198958,377,Veraguas,N1_N3,SF8,R. pallescens,Veraguas,Pasture,Mix,Yes,Yes,Yes,No,Three,Heteromys,Thraupis,Human,NA,NA,Negative
35,35,-0,1.6444331659529048,0.5423405162446526,2.1850306515981073,75,La Chorrera,N4_Adult,LP2_Capira0217,R. pallescens,Las Pavas,Peridomestic,Mammal,No,Yes,No,No,One,Philander,NA,NA,NA,NA,Positive
34,34,-0,1.3893167434684321,0.4497049013511223,1.8172068085928235,172,La Chorrera,N1_N3,CHOR1P1,R. pallescens,La Chorrera,Pasture,Mammal,No,Yes,No,No,Two,Other,Philander,NA,NA,NA,Negative
31,31,-0,1.3661828002113117,0.4447872002702473,1.8011112144510095,378,Veraguas,N1_N3,SF8,R. pallescens,Veraguas,Pasture,Mammal,Yes,Yes,No,No,Two,Heteromys,Human,NA,NA,NA,Positive
29,29,-0,1.4148485870169858,0.46568014709692906,1.8715381705672958,76,La Chorrera,N1_N3,LP2_Capira0217,R. pallescens,Las Pavas,Peridomestic,Bird,No,No,Yes,No,One,Piranga,NA,NA,NA,NA,Negative
33,33,-0,1.2181413675399406,0.39098245918567165,1.6419888311638478,173,La Chorrera,N1_N3,CHOR1P1,R. pallescens,La Chorrera,Pasture,Mammal,No,Yes,No,No,Two,Philander,Other,NA,NA,NA,Negative
27,27,0.24532669073132907,1.078224845362447,0.36291803985269244,1.5696567514936033,379,Veraguas,N1_N3,SF8,R. pallescens,Veraguas,Pasture,Mammal,Yes,Yes,No,No,Two,Heteromys,Human,NA,NA,NA,Negative
35,35,-0,1.64317999314573,0.549729173859616,2.2208856136022965,66,Capira,N4_Adult,CA9P17,R. pallescens,Capira,Pasture,Mammal,No,Yes,No,No,Two,Mus,Philander,NA,NA,NA,Negative
31,31,-0,1.5150654857958674,0.5147770196053996,2.0609081605878696,163,La Chorrera,N1_N3,CHOR1P3,R. pallescens,La Chorrera,Pasture,Mammal,No,Yes,No,No,One,Philander,NA,NA,NA,NA,Negative
40,40,-0,1.4788752682782995,0.48065388669162423,1.9254981877687087,362,Veraguas,N4_Adult,SF8,R. pallescens,Veraguas,Pasture,Mammal,No,Yes,No,No,Two,Heteromys,Other,NA,NA,NA,Positive
23,23,-0,1.282703727686567,0.4458625633532318,1.8046064637885935,67,Capira,N4_Adult,CA11P17,R. pallescens,Capira,Pasture,Mammal,Yes,Yes,No,No,One,Human,NA,NA,NA,NA,Negative
33,33,-0,1.5351104643467361,0.4986501866757368,1.9946152834273017,164,La Chorrera,N1_N3,CHOR1P3,R. pallescens,La Chorrera,Pasture,Mammal,No,Yes,No,No,One,Philander,NA,NA,NA,NA,Positive
30,30,0.4915960401250875,1.7274063714685712,0.6017122754188761,2.510747729048622,368,Veraguas,N1_N3,SF8,R. pallescens,Veraguas,Pasture,Mix,Yes,Yes,Yes,No,Four,Heteromys,Human,Bos,Thraupis,NA,Positive
31,31,-0,1.2774196995995626,0.41516702067507283,1.7098898922463301,68,Capira,N1_N3,CA11P17,R. pallescens,Capira,Pasture,Other,No,No,No,No,One,Other,NA,NA,NA,NA,Negative
31,31,-0,1.4604920942838695,0.49099327159305084,1.9646105722997504,165,La Chorrera,N1_N3,CHOR1P3,R. pallescens,La Chorrera,Pasture,Mammal,No,Yes,No,No,One,Philander,NA,NA,NA,NA,Positive
39,39,-0,1.8478811068783383,0.6064612297718275,2.541045700326306,370,Veraguas,N1_N3,SF8,R. pallescens,Veraguas,Pasture,Mammal,Yes,Yes,No,No,Three,Heteromys,Human,Thraupis,NA,NA,Negative
35,35,-0,1.6300799790850087,0.5294771805908676,2.125295434673643,69,Capira,N1_N3,CA11P17,R. pallescens,Capira,Pasture,Other,No,No,No,No,One,Other,NA,NA,NA,NA,Negative
31,31,0.16395645894598823,1.1731118074783593,0.3977463392674945,1.6604299238027478,166,La Chorrera,N1_N3,CHOR1P3,R. pallescens,La Chorrera,Pasture,Reptile,No,No,No,Yes,Three,Other,Lepidodactylus,Philander,NA,NA,Positive
27,27,-0,1.3925417703200942,0.4748012309371358,1.9040410200967244,371,Veraguas,N1_N3,SF8,R. pallescens,Veraguas,Pasture,Mix,No,Yes,Yes,No,Three,Heteromys,Other,Piranga,NA,NA,Negative
32,32,-0,1.4133406680395277,0.49734244334223365,1.9894259755073145,70,Capira,N1_N3,CA11P17,R. pallescens,Capira,Pasture,Other,No,No,No,No,One,Other,NA,NA,NA,NA,Negative
20,20,-0,1.113817080044798,0.41996035283518096,1.7240200818821763,167,La Chorrera,N1_N3,CHOR1P3,R. pallescens,La Chorrera,Pasture,Mammal,No,Yes,No,No,One,Philander,NA,NA,NA,NA,Negative
31,31,-0,1.3766500773098667,0.4715912031959115,1.8924741716038416,372,Veraguas,N1_N3,SF8,R. pallescens,Veraguas,Pasture,Mix,No,Yes,Yes,No,Two,Heteromys,Piranga,NA,NA,NA,Negative
27,27,-0,1.4451009084642772,0.5027585489360212,2.0110954102081338,71,Capira,N1_N3,CA11P17,R. pallescens,Capira,Pasture,Mammal,Yes,Yes,No,No,Four,Mus,Human,Other,Philander,NA,Negative
26,26,-0,1.2642219889963529,0.44510269029236393,1.8021352464780904,168,La Chorrera,N1_N3,CHOR1P3,R. pallescens,La Chorrera,Pasture,Mammal,No,Yes,No,No,Two,Other,Philander,NA,NA,NA,Negative
33,33,-0,1.3533947325344708,0.44605706491413,1.8052401008507926,373,Veraguas,N1_N3,SF8,R. pallescens,Veraguas,Pasture,Mix,Yes,Yes,No,Yes,Three,Heteromys,Human,Lepidodactylus,NA,NA,Negative
33,33,-0,1.3469422963085875,0.4377259835580841,1.7784922844701685,72,Capira,N1_N3,CA11P17,R. pallescens,Capira,Pasture,Other,Yes,No,No,No,Three,Other,Human,Philander,NA,NA,Negative
30,30,0.24579802006254375,1.0547520954674863,0.35090665776335683,1.5406104714526945,169,La Chorrera,N1_N3,CHOR1P3,R. pallescens,La Chorrera,Pasture,Mammal,No,Yes,No,No,One,Philander,NA,NA,NA,NA,Negative
24,24,-0,0.887765661566034,0.2978062185294442,1.424108310822362,375,Veraguas,N1_N3,SF8,R. pallescens,Veraguas,Pasture,Mammal,Yes,Yes,No,No,Two,Heteromys,Human,NA,NA,NA,Positive
31,31,-0,1.3386259642021006,0.44425849999086253,1.799397741546309,73,Capira,N1_N3,CA11P17,R. pallescens,Capira,Pasture,Mammal,Yes,Yes,No,No,Two,Human,Other,NA,NA,NA,Negative
35,35,-0,1.4485920252018076,0.5013292046444686,2.0053309905326255,170,La Chorrera,N1_N3,CHOR1P3,R. pallescens,La Chorrera,Pasture,Mammal,Yes,Yes,No,No,Two,Philander,Human,NA,NA,NA,Negative
44,44,-0,1.5036605439569222,0.468418133711093,1.881177789192144,376,Veraguas,N1_N3,SF8,R. pallescens,Veraguas,Pasture,Mammal,Yes,Yes,No,No,Two,Heteromys,Human,NA,NA,NA,Negative
43,43,-0,1.7972409018699953,0.5779263205653516,2.36925458450634,77,La Chorrera,N1_N3,LP3_Capira0317,R. pallescens,Las Pavas,Peridomestic,Mammal,Yes,Yes,No,No,Three,Human,Philander,Mus,NA,NA,Negative
14,14,-0,0.9025598356631466,0.3478784568747989,1.5334564707180813,174,La Chorrera,N1_N3,CHOR1P1,R. pallescens,La Chorrera,Pasture,Mix,No,Yes,Yes,No,Four,Mus,Thraupis,Other,Philander,NA,Negative
50,50,-0,2.1752332409457686,0.7196020205475144,3.566359507841795,381,Veraguas,N1_N3,SF8,R. pallescens,Veraguas,Pasture,Mammal,Yes,Yes,No,No,Three,Didelphis,Heteromys,Human,NA,NA,Negative
49,49,-0,1.8050962790596157,0.6307521249860771,2.708207867038623,86,La Chorrera,N1_N3,HN2,R. pallescens,La Chorrera,Peridomestic,Other,No,No,No,No,One,Other,NA,NA,NA,NA,Negative
43,43,-0,1.6831071241860243,0.5361395675250399,2.1558208676356148,184,La Chorrera,N4_Adult,CHOR1P5,R. pallescens,La Chorrera,Pasture,Bird,No,No,Yes,No,One,Thraupis,NA,NA,NA,NA,Negative
44,44,0.08238092110201342,1.855118058299676,0.6300290640415962,2.702915020634029,395,Veraguas,N1_N3,SF11,R. pallescens,Veraguas,Peridomestic,Mix,No,Yes,Yes,No,Three,Heteromys,Didelphis,Thraupis,NA,NA,Negative
31,31,-0,1.3077540638932161,0.44844257953414013,1.8130478584720586,87,La Chorrera,N1_N3,HN2,R. pallescens,La Chorrera,Peridomestic,Mammal,No,Yes,No,No,Two,Mus,Philander,NA,NA,NA,Negative
35,35,-0,1.2925334724860522,0.4345253202282754,1.7684257770899452,185,La Chorrera,N1_N3,CHOR1P5,R. pallescens,La Chorrera,Pasture,Mix,No,Yes,Yes,No,Four,Other,Mus,Philander,Thraupis,NA,Negative
45,45,-0,1.809440867582983,0.5786675378212848,2.373422628840389,396,Veraguas,N4_Adult,SF11,R. pallescens,Veraguas,Peridomestic,Mammal,Yes,Yes,No,No,Three,Heteromys,Human,Didelphis,NA,NA,Negative
38,38,-0,1.5999621097962777,0.536913452723444,2.1594235589029074,88,La Chorrera,N1_N3,HN5,R. pallescens,La Chorrera,Peridomestic,Mammal,No,Yes,No,No,One,Mus,NA,NA,NA,NA,Negative
26,26,-0,1.3480530384152623,0.46373774639785426,1.8647592540456939,186,Capira,N1_N3,CAM1P17,R. pallescens,Campana,Peridomestic,Mammal,Yes,Yes,No,No,Two,Human,Mus,NA,NA,NA,Positive
48,48,-0,2.0808817636112105,0.7244315443008802,3.6288623727378027,397,Veraguas,N4_Adult,SF11,R. pallescens,Veraguas,Peridomestic,Mammal,No,Yes,No,No,One,Didelphis,NA,NA,NA,NA,Positive
34,34,-0,1.6329143024002706,0.5504710792979515,2.2245509775839496,78,La Chorrera,N4_Adult,LP3_Capira0317,R. pallescens,Las Pavas,Peridomestic,Mammal,No,Yes,No,No,One,Philander,NA,NA,NA,NA,Positive
49,49,-0,1.8783603041828612,0.5664272079923476,2.3064177882784453,175,La Chorrera,N4_Adult,CHOR1P1,R. pallescens,La Chorrera,Pasture,Mix,No,Yes,Yes,No,Four,Mus,Thraupis,Other,Philander,NA,Positive
44,44,-0,1.9082931813650026,0.6212746558457816,2.640435913348318,381.5,Veraguas,N1_N3,SF8,R. pallescens,Veraguas,Pasture,Mammal,Yes,Yes,No,No,Two,Heteromys,Human,NA,NA,NA,Negative
31,31,-0,1.4928502585752323,0.5406595116518094,2.1770343032377695,79,La Chorrera,N1_N3,HN1,R. pallescens,La Chorrera,Peridomestic,Mammal,Yes,Yes,No,No,Three,Philander,Human,Mus,NA,NA,Negative
41,41,-0,1.7124218245892402,0.5439185238397541,2.1925906932660566,176,La Chorrera,N4_Adult,CHOR1P1,R. pallescens,La Chorrera,Pasture,Mammal,No,Yes,No,No,One,Mus,NA,NA,NA,NA,Positive
29,29,-0,1.9914172289749708,0.7858066943782275,4.668679990241259,382,Veraguas,N4_Adult,SF11,R. pallescens,Veraguas,Peridomestic,Mammal,No,Yes,No,No,Two,Didelphis,Heteromys,NA,NA,NA,Negative
28,28,0.24549512651549144,1.1928392184235777,0.4177005146403092,1.717329355670463,177,La Chorrera,N1_N3,CHOR1P1,R. pallescens,La Chorrera,Pasture,Mammal,No,Yes,No,No,One,Mus,NA,NA,NA,NA,Negative
47,47,-0,1.9752407390358797,0.7363712503756148,3.7932129990556307,383,Veraguas,N4_Adult,SF11,R. pallescens,Veraguas,Peridomestic,Mammal,No,Yes,No,No,Two,Didelphis,Heteromys,NA,NA,NA,Positive
39,39,-0,1.572501792893227,0.5167592398630747,2.0693618636736106,81,La Chorrera,N4_Adult,HN7,R. pallescens,La Chorrera,Peridomestic,Mammal,Yes,Yes,No,No,Three,Mus,Philander,Human,NA,NA,Positive
34,34,-0,1.4643712816724213,0.49660216077724506,1.9865003821708842,178,La Chorrera,N1_N3,CHOR1P1,R. pallescens,La Chorrera,Pasture,Other,No,No,No,No,One,Other,NA,NA,NA,NA,Negative
43,43,-0,1.9744617427174591,0.7724650564813652,4.3949293437563854,384,Veraguas,N4_Adult,SF11,R. pallescens,Veraguas,Peridomestic,Mammal,No,Yes,No,No,Two,Didelphis,Heteromys,NA,NA,NA,Positive
34,34,-0,1.5677172918077171,0.544539507952319,2.1955801160802166,82,La Chorrera,N1_N3,HN10,R. pallescens,La Chorrera,Peridomestic,Mammal,No,Yes,No,No,Two,Mus,Philander,NA,NA,NA,Negative
25,25,-0,1.1626491454125791,0.41018900496323585,1.6954583899163629,179,La Chorrera,N1_N3,CHOR1P1,R. pallescens,La Chorrera,Pasture,Mammal,Yes,Yes,No,No,Three,Human,Mus,Philander,NA,NA,Negative
54,54,-0,1.6034675757871675,0.6223585284017177,2.648014254810855,385,Veraguas,N4_Adult,SF11,R. pallescens,Veraguas,Peridomestic,Mammal,No,Yes,No,No,Two,Didelphis,Heteromys,NA,NA,NA,Positive
48,48,-0,1.758354974073614,0.5509435567471661,2.2268915523320225,83,La Chorrera,N4_Adult,HN11,R. pallescens,La Chorrera,Peridomestic,Mammal,No,Yes,No,No,One,Mus,NA,NA,NA,NA,Positive
30,30,-0,1.0532159008000805,0.3505621220806343,1.5397931565121308,180,La Chorrera,N1_N3,CHOR1P1,R. pallescens,La Chorrera,Pasture,Mammal,No,Yes,No,No,Two,Other,Mus,NA,NA,NA,Negative
45,45,-0,1.8326866348586166,0.5996346221027329,2.497718472191664,389,Veraguas,N1_N3,SF11,R. pallescens,Veraguas,Peridomestic,Mammal,No,Yes,No,No,Three,Heteromys,Didelphis,Metachirus,NA,NA,Positive
39,39,-0,1.3989813920696994,0.46470665528626987,1.868134565608677,84,La Chorrera,N1_N3,HN11,R. pallescens,La Chorrera,Peridomestic,Mix,No,Yes,Yes,No,Four,Piranga,Other,Mus,Philander,NA,Negative
36,36.333333333333336,0.9233569526830805,1.4548785535265725,0.4920900330240353,1.968852877516621,181,La Chorrera,N1_N3,CHOR1P2,R. pallescens,La Chorrera,Pasture,Mix,No,Yes,Yes,No,Three,Other,Mus,Thraupis,NA,NA,Negative
41,41,-0,1.4063550514465242,0.44907101054694665,1.815115957126837,391,Veraguas,N1_N3,SF11,R. pallescens,Veraguas,Peridomestic,Mammal,Yes,Yes,No,No,Three,Didelphis,Heteromys,Human,NA,NA,Negative
34,34,-0,1.5653231559075311,0.5400691293983708,2.1742397910623263,85,La Chorrera,N1_N3,HN2,R. pallescens,La Chorrera,Peridomestic,Mammal,Yes,Yes,No,No,Two,Human,Mus,NA,NA,NA,Negative
37,37,-0,1.5074769043803409,0.5019620815306698,2.007879245567085,182,La Chorrera,N1_N3,CHOR1P2,R. pallescens,La Chorrera,Pasture,Mix,No,Yes,Yes,No,Three,Mus,Thraupis,Odocoileus,NA,NA,Negative
41,41,-0,1.5344626763805984,0.4906166930455178,1.9631581686075132,393,Veraguas,N1_N3,SF11,R. pallescens,Veraguas,Peridomestic,Mix,No,Yes,Yes,No,Three,Heteromys,Didelphis,Thraupis,NA,NA,Negative
53,53,0.12381513913591215,1.8371059897269215,0.5631837942003682,2.289292353907541,89,La Chorrera,N1_N3,HN5,R. pallescens,La Chorrera,Peridomestic,Mix,Yes,Yes,Yes,No,Two,Piranga,Human,NA,NA,NA,Negative
67,67,-0,2.564096418962297,0.7977705712296908,4.944878725518197,398,Veraguas,N4_Adult,SF11,R. pallescens,Veraguas,Peridomestic,Mammal,No,Yes,No,No,Two,Didelphis,Philander,NA,NA,NA,Positive
39,39,0.09870962335856491,1.588660070932582,0.5573850027816427,2.2592998571773775,99,La Chorrera,N1_N3,HN5,R. pallescens,La Chorrera,Peridomestic,Other,No,No,No,No,One,Other,NA,NA,NA,NA,Negative
65,65,-0,2.8530187647673446,0.85162258931049994,6.739570365550024,200,Veraguas,N4_Adult,SF1,R. pallescens,Veraguas,Peridomestic,Mix,Yes,Yes,Yes,No,Two,Thraupis,Philander,NA,NA,NA,Positive
32,32,-0,1.3767076823023732,0.47346404516164,1.899205535369351,100,La Chorrera,N1_N3,HN5,R. pallescens,La Chorrera,Peridomestic,Mix,Yes,Yes,Yes,No,Three,Human,Mus,Piranga,NA,NA,Negative
48,48,-0,2.0365297793276094,0.6129719411063161,2.583791993940932,201,Veraguas,N4_Adult,SF1,R. pallescens,Veraguas,Peridomestic,Mammal,No,Yes,No,No,Two,Philander,Procyon,NA,NA,NA,Positive
30,30,-0,1.3278066299564513,0.4556607336214843,1.8370895905654412,101,La Chorrera,N1_N3,HN5,R. pallescens,La Chorrera,Peridomestic,Bird,No,No,Yes,No,One,Piranga,NA,NA,NA,NA,Negative
40,40,-0,1.5789042835323805,0.521312451111636,2.089045353952193,90,La Chorrera,N1_N3,HN5,R. pallescens,La Chorrera,Peridomestic,Bird,No,No,Yes,No,One,Piranga,NA,NA,NA,NA,Negative
45,45,-0,2.405263080237914,0.8526738421635695,6.78766089257723,188,Capira,N4_Adult,CAM2P17,R. pallescens,Campana,Peridomestic,Mammal,No,Yes,No,No,One,Philander,NA,NA,NA,NA,Negative
48,48,-0,1.6330640466479542,0.5057529501776034,2.0232796540906843,399,Veraguas,N1_N3,SF11,R. pallescens,Veraguas,Peridomestic,Mammal,Yes,Yes,No,No,Four,Heteromys,Human,Mus,Didelphis,NA,Negative
34,34,-0,1.5268130843215844,0.5129908806967574,2.0533496404147145,91,La Chorrera,N1_N3,HN5,R. pallescens,La Chorrera,Peridomestic,Mix,No,Yes,Yes,No,Two,Leopardus,Piranga,NA,NA,NA,Negative
34,34,-0,1.5150824163756296,0.4937693732657935,1.9753842363335403,189,Capira,N1_N3,CAM2P17,R. pallescens,Campana,Peridomestic,Mammal,No,Yes,No,No,One,Philander,NA,NA,NA,NA,Positive
46,46,-0,2.0583679121012177,0.6236054400000002,2.6567865380413584,400,Veraguas,N1_N3,SF11,R. pallescens,Veraguas,Peridomestic,Mammal,Yes,Yes,No,No,Four,Heteromys,Human,Didelphis,Bos,NA,Negative
46,46,-0,1.7143274159095656,0.5380039439551358,2.1645206423642946,92,La Chorrera,N4_Adult,HN5,R. pallescens,La Chorrera,Peridomestic,Bird,No,No,Yes,Yes,One,Piranga,NA,NA,NA,NA,Negative
26,26,-0,1.2966568591783358,0.4500977395205239,1.818504981463561,190,Capira,N1_N3,CAM2P17,R. pallescens,Campana,Peridomestic,Mammal,Yes,Yes,No,No,Two,Human,Philander,NA,NA,NA,Negative
192,192.75,1.4232716581998741,3.8940233825959445,0.8935098817885968,9.390542679413779,401,Veraguas,N1_N3,SF11,R. pallescens,Veraguas,Peridomestic,Mammal,No,Yes,No,No,Three,Heteromys,Didelphis,Other,NA,NA,Negative
37,37,-0,1.6760664150075404,0.5513110963973521,2.228715691363709,93,La Chorrera,N1_N3,HN5,R. pallescens,La Chorrera,Peridomestic,Mix,Yes,Yes,Yes,No,Three,Human,Mus,Piranga,NA,NA,Negative
35,35,-0,1.80111796055555,0.5876504541657952,2.4251269586751873,191,Capira,N4_Adult,CAM2P17,R. pallescens,Campana,Peridomestic,Mammal,No,Yes,No,No,One,Philander,NA,NA,NA,NA,Negative
50,50,-0,1.7173235365446808,0.5339335330566255,2.1456167111921753,402,Veraguas,N1_N3,SF11,R. pallescens,Veraguas,Peridomestic,Mammal,Yes,Yes,No,No,Three,Human,Heteromys,Didelphis,NA,NA,Negative
40,40,-0,1.579699115204348,0.5166666916869955,2.0689656243438628,94,La Chorrera,N1_N3,HN5,R. pallescens,La Chorrera,Peridomestic,Mammal,Yes,Yes,No,No,One,Human,NA,NA,NA,NA,Negative
52,52,-0,1.792882484977843,0.5660212157993222,2.3042601076498386,403,Veraguas,N1_N3,SF11,R. pallescens,Veraguas,Peridomestic,Mammal,Yes,Yes,No,No,Four,Heteromys,Other,Human,Didelphis,NA,Negative
42,42,-0,1.4171964706131235,0.4517619476225875,1.8240251578005937,95,La Chorrera,N1_N3,HN5,R. pallescens,La Chorrera,Peridomestic,Mix,Yes,Yes,Yes,No,Three,Mus,Human,Piranga,NA,NA,Negative
42,42,-0,1.6118179597362394,0.5108724750755371,2.044456607005366,405,Veraguas,N1_N3,SF11,R. pallescens,Veraguas,Peridomestic,Mammal,No,Yes,No,No,Three,Heteromys,Mus,Didelphis,NA,NA,Negative
41,41,-0,1.5632950741440665,0.5137017404338395,2.0563511802245116,96,La Chorrera,N1_N3,HN5,R. pallescens,La Chorrera,Peridomestic,Bird,No,No,Yes,No,Two,Piranga,Other,NA,NA,NA,Negative
55,55,0.1651445647689541,1.4546518336907028,0.4363819903879025,1.7742513243823357,406,Veraguas,N1_N3,SF11,R. pallescens,Veraguas,Peridomestic,Mammal,No,Yes,No,No,Three,Heteromys,Bos,Didelphis,NA,NA,Negative
47,47,-0,1.616179453674831,0.5217768482858258,2.0910740026189343,98,La Chorrera,N1_N3,HN5,R. pallescens,La Chorrera,Peridomestic,Other,No,No,No,No,One,Other,NA,NA,NA,NA,Negative
49,49,-0,1.7967265254618283,0.5741716097539865,2.348363854796696,407,Veraguas,N4_Adult,SF14,R. pallescens,Veraguas,Forest,Mammal,No,Yes,No,No,Two,Didelphis,Heteromys,NA,NA,NA,Negative
